app,status,pglite_source,data_dir,missing_parent,has_recursive_mkdir
calendar-week-view/boot_check/runs/1/app,OK-MKDIR,server/index.js,/sessions/quirky-inspiring-hypatia/mnt/eval-coding-agent-runs/runs/batch-20260613/calendar-week-view/boot_check/runs/1/app/data/pglite,,True
calendar-week-view/boot_check/runs/2/app,OK-MKDIR,server/index.js,/sessions/quirky-inspiring-hypatia/mnt/eval-coding-agent-runs/runs/batch-20260613/calendar-week-view/boot_check/runs/2/app/data/pglite,,True
calendar-week-view/boot_check/runs/3/app,OK-MKDIR,server/index.js,/sessions/quirky-inspiring-hypatia/mnt/eval-coding-agent-runs/runs/batch-20260613/calendar-week-view/boot_check/runs/3/app/data/pglite,,True
calendar-week-view/boot_check/runs/4/app,OK-MKDIR,server/index.js,/sessions/quirky-inspiring-hypatia/mnt/eval-coding-agent-runs/runs/batch-20260613/calendar-week-view/boot_check/runs/4/app/data/pglite,,True
calendar-week-view/boot_check/runs/6/app,OK-SHALLOW,server.js,/sessions/quirky-inspiring-hypatia/mnt/eval-coding-agent-runs/runs/batch-20260613/calendar-week-view/boot_check/runs/6/app/pgdata,,False
calendar-week-view/boot_check/runs/7/app,OK-SHALLOW,server/index.js,/sessions/quirky-inspiring-hypatia/mnt/eval-coding-agent-runs/runs/batch-20260613/calendar-week-view/boot_check/runs/7/app/pglite-data,,False
calendar-week-view/boot_check/runs/8/app,OK-SHALLOW,server.js,/sessions/quirky-inspiring-hypatia/mnt/eval-coding-agent-runs/runs/batch-20260613/calendar-week-view/boot_check/runs/8/app/pglite-data,,False
calendar-week-view/boot_check/runs/9/app,OK-SHALLOW,server.js,/sessions/quirky-inspiring-hypatia/mnt/eval-coding-agent-runs/runs/batch-20260613/calendar-week-view/boot_check/runs/9/app/pgdata,,False
calendar-week-view/boot_check/runs/11/app,OK-SHALLOW,server/db.js,/sessions/quirky-inspiring-hypatia/mnt/eval-coding-agent-runs/runs/batch-20260613/calendar-week-view/boot_check/runs/11/app/pgdata,,False
calendar-week-view/boot_check/runs/12/app,OK-MKDIR,backend/src/db.js,/sessions/quirky-inspiring-hypatia/mnt/eval-coding-agent-runs/runs/batch-20260613/calendar-week-view/boot_check/runs/12/app/backend/data/pgdata,,True
calendar-week-view/boot_check/runs/13/app,OK-SHALLOW,server/db.js,/sessions/quirky-inspiring-hypatia/mnt/eval-coding-agent-runs/runs/batch-20260613/calendar-week-view/boot_check/runs/13/app/server/pgdata,,False
calendar-week-view/boot_check/runs/14/app,OK-MKDIR,server/index.js,/sessions/quirky-inspiring-hypatia/mnt/eval-coding-agent-runs/runs/batch-20260613/calendar-week-view/boot_check/runs/14/app/server/data/pgdata,,True
calendar-week-view/boot_check/runs/16/app,OK-SHALLOW,backend/server.js,/sessions/quirky-inspiring-hypatia/mnt/eval-coding-agent-runs/runs/batch-20260613/calendar-week-view/boot_check/runs/16/app/backend/pglite-data,,False
calendar-week-view/boot_check/runs/17/app,OK-MKDIR,backend/server.js,/sessions/quirky-inspiring-hypatia/mnt/eval-coding-agent-runs/runs/batch-20260613/calendar-week-view/boot_check/runs/17/app/data,,True
calendar-week-view/boot_check/runs/18/app,OK-SHALLOW,backend/server.js,/sessions/quirky-inspiring-hypatia/mnt/eval-coding-agent-runs/runs/batch-20260613/calendar-week-view/boot_check/runs/18/app/backend/data,,False
calendar-week-view/boot_check/runs/19/app,OK-SHALLOW,backend/server.js,/sessions/quirky-inspiring-hypatia/mnt/eval-coding-agent-runs/runs/batch-20260613/calendar-week-view/boot_check/runs/19/app/backend/pglite-data,,False
calendar-week-view/boot_check/runs/21/app,OK-SHALLOW,server/index.js,/sessions/quirky-inspiring-hypatia/mnt/eval-coding-agent-runs/runs/batch-20260613/calendar-week-view/boot_check/runs/21/app/pgdata,,False
calendar-week-view/boot_check/runs/22/app,OK-SHALLOW,server/db.js,/sessions/quirky-inspiring-hypatia/mnt/eval-coding-agent-runs/runs/batch-20260613/calendar-week-view/boot_check/runs/22/app/pgdata,,False
calendar-week-view/boot_check/runs/23/app,OK-SHALLOW,server/index.js,/sessions/quirky-inspiring-hypatia/mnt/eval-coding-agent-runs/runs/batch-20260613/calendar-week-view/boot_check/runs/23/app/pgdata,,False
calendar-week-view/boot_check/runs/24/app,OK-SHALLOW,server/index.js,/sessions/quirky-inspiring-hypatia/mnt/eval-coding-agent-runs/runs/batch-20260613/calendar-week-view/boot_check/runs/24/app/pgdata,,False
calendar-week-view/boot_check/runs/26/app,OK-SHALLOW,server.js,/sessions/quirky-inspiring-hypatia/mnt/eval-coding-agent-runs/runs/batch-20260613/calendar-week-view/boot_check/runs/26/app/calendar.db,,False
calendar-week-view/boot_check/runs/27/app,OK-SHALLOW,backend/server.js,/sessions/quirky-inspiring-hypatia/mnt/eval-coding-agent-runs/runs/batch-20260613/calendar-week-view/boot_check/runs/27/app/backend/data,,False
calendar-week-view/boot_check/runs/28/app,OK-SHALLOW,server.js,/sessions/quirky-inspiring-hypatia/mnt/eval-coding-agent-runs/runs/batch-20260613/calendar-week-view/boot_check/runs/28/app/pgdata,,False
calendar-week-view/boot_check/runs/29/app,OK-SHALLOW,server.js,/sessions/quirky-inspiring-hypatia/mnt/eval-coding-agent-runs/runs/batch-20260613/calendar-week-view/boot_check/runs/29/app/calendar.db,,False
calendar-week-view/execution/runs/1/app,OK-MKDIR,server/index.js,/sessions/quirky-inspiring-hypatia/mnt/eval-coding-agent-runs/runs/batch-20260613/calendar-week-view/execution/runs/1/app/data/pglite,,True
calendar-week-view/execution/runs/2/app,OK-MKDIR,server/index.js,/sessions/quirky-inspiring-hypatia/mnt/eval-coding-agent-runs/runs/batch-20260613/calendar-week-view/execution/runs/2/app/data/pglite,,True
calendar-week-view/execution/runs/3/app,OK-MKDIR,server/index.js,/sessions/quirky-inspiring-hypatia/mnt/eval-coding-agent-runs/runs/batch-20260613/calendar-week-view/execution/runs/3/app/data/pglite,,True
calendar-week-view/execution/runs/4/app,LATENT,server/index.js,/sessions/quirky-inspiring-hypatia/mnt/eval-coding-agent-runs/runs/batch-20260613/calendar-week-view/execution/runs/4/app/data/calendar.db,/sessions/quirky-inspiring-hypatia/mnt/eval-coding-agent-runs/runs/batch-20260613/calendar-week-view/execution/runs/4/app/data,False
calendar-week-view/execution/runs/6/app,OK-SHALLOW,server/index.js,/sessions/quirky-inspiring-hypatia/mnt/eval-coding-agent-runs/runs/batch-20260613/calendar-week-view/execution/runs/6/app/pglite-data,,False
calendar-week-view/execution/runs/7/app,OK-SHALLOW,server/index.js,/sessions/quirky-inspiring-hypatia/mnt/eval-coding-agent-runs/runs/batch-20260613/calendar-week-view/execution/runs/7/app/pgdata,,False
calendar-week-view/execution/runs/8/app,OK-MKDIR,server/server.js,/sessions/quirky-inspiring-hypatia/mnt/eval-coding-agent-runs/runs/batch-20260613/calendar-week-view/execution/runs/8/app/data/pglite,,True
calendar-week-view/execution/runs/9/app,OK-MKDIR,server/index.js,/sessions/quirky-inspiring-hypatia/mnt/eval-coding-agent-runs/runs/batch-20260613/calendar-week-view/execution/runs/9/app/data/pglite,,True
calendar-week-view/execution/runs/11/app,OK-MKDIR,backend/db.js,/sessions/quirky-inspiring-hypatia/mnt/eval-coding-agent-runs/runs/batch-20260613/calendar-week-view/execution/runs/11/app/data/pgdata,,True
calendar-week-view/execution/runs/12/app,OK-MKDIR,server/db.js,/sessions/quirky-inspiring-hypatia/mnt/eval-coding-agent-runs/runs/batch-20260613/calendar-week-view/execution/runs/12/app/data/pgdata,,True
calendar-week-view/execution/runs/13/app,OK-MKDIR,server/db.js,/sessions/quirky-inspiring-hypatia/mnt/eval-coding-agent-runs/runs/batch-20260613/calendar-week-view/execution/runs/13/app/data/pgdata,,True
calendar-week-view/execution/runs/14/app,OK-MKDIR,backend/src/db.js,/sessions/quirky-inspiring-hypatia/mnt/eval-coding-agent-runs/runs/batch-20260613/calendar-week-view/execution/runs/14/app/backend/data/pgdata,,True
calendar-week-view/execution/runs/16/app,OK-SHALLOW,backend/server.js,/sessions/quirky-inspiring-hypatia/mnt/eval-coding-agent-runs/runs/batch-20260613/calendar-week-view/execution/runs/16/app/backend/pglite-data,,False
calendar-week-view/execution/runs/17/app,OK-SHALLOW,server.js,/sessions/quirky-inspiring-hypatia/mnt/eval-coding-agent-runs/runs/batch-20260613/calendar-week-view/execution/runs/17/app/pglite-data,,False
calendar-week-view/execution/runs/18/app,OK-SHALLOW,backend/server.js,/sessions/quirky-inspiring-hypatia/mnt/eval-coding-agent-runs/runs/batch-20260613/calendar-week-view/execution/runs/18/app/pglite-data,,False
calendar-week-view/execution/runs/19/app,OK-SHALLOW,server.js,/sessions/quirky-inspiring-hypatia/mnt/eval-coding-agent-runs/runs/batch-20260613/calendar-week-view/execution/runs/19/app/pglite-data,,False
calendar-week-view/execution/runs/21/app,OK-SHALLOW,backend/server.js,/sessions/quirky-inspiring-hypatia/mnt/eval-coding-agent-runs/runs/batch-20260613/calendar-week-view/execution/runs/21/app/pgdata,,False
calendar-week-view/execution/runs/22/app,OK-SHALLOW,server/index.js,/sessions/quirky-inspiring-hypatia/mnt/eval-coding-agent-runs/runs/batch-20260613/calendar-week-view/execution/runs/22/app/pgdata,,False
calendar-week-view/execution/runs/23/app,OK-SHALLOW,server/index.js,/sessions/quirky-inspiring-hypatia/mnt/eval-coding-agent-runs/runs/batch-20260613/calendar-week-view/execution/runs/23/app/pgdata,,False
calendar-week-view/execution/runs/24/app,OK-SHALLOW,server/index.js,/sessions/quirky-inspiring-hypatia/mnt/eval-coding-agent-runs/runs/batch-20260613/calendar-week-view/execution/runs/24/app/pgdata,,False
calendar-week-view/execution/runs/26/app,OK-SHALLOW,server/server.js,/sessions/quirky-inspiring-hypatia/mnt/eval-coding-agent-runs/runs/batch-20260613/calendar-week-view/execution/runs/26/app/pgdata,,False
calendar-week-view/execution/runs/27/app,OK-SHALLOW,server.js,/sessions/quirky-inspiring-hypatia/mnt/eval-coding-agent-runs/runs/batch-20260613/calendar-week-view/execution/runs/27/app/calendar.db,,False
calendar-week-view/execution/runs/28/app,OK-SHALLOW,server.js,/sessions/quirky-inspiring-hypatia/mnt/eval-coding-agent-runs/runs/batch-20260613/calendar-week-view/execution/runs/28/app/calendar.db,,False
calendar-week-view/execution/runs/29/app,OK-SHALLOW,server/index.js,/sessions/quirky-inspiring-hypatia/mnt/eval-coding-agent-runs/runs/batch-20260613/calendar-week-view/execution/runs/29/app/server/pglite-data,,False
calendar-week-view/no_verification/runs/1/app,OK-MKDIR,server/index.js,/sessions/quirky-inspiring-hypatia/mnt/eval-coding-agent-runs/runs/batch-20260613/calendar-week-view/no_verification/runs/1/app/data/pglite,,True
calendar-week-view/no_verification/runs/2/app,OK-MKDIR,server/index.js,/sessions/quirky-inspiring-hypatia/mnt/eval-coding-agent-runs/runs/batch-20260613/calendar-week-view/no_verification/runs/2/app/data/pglite,,True
calendar-week-view/no_verification/runs/3/app,OK-MKDIR,server/index.js,/sessions/quirky-inspiring-hypatia/mnt/eval-coding-agent-runs/runs/batch-20260613/calendar-week-view/no_verification/runs/3/app/data/db,,True
calendar-week-view/no_verification/runs/4/app,OK-MKDIR,server/index.js,/sessions/quirky-inspiring-hypatia/mnt/eval-coding-agent-runs/runs/batch-20260613/calendar-week-view/no_verification/runs/4/app/data/pglite,,True
calendar-week-view/no_verification/runs/6/app,OK-SHALLOW,server/index.js,/sessions/quirky-inspiring-hypatia/mnt/eval-coding-agent-runs/runs/batch-20260613/calendar-week-view/no_verification/runs/6/app/.pglite,,False
calendar-week-view/no_verification/runs/7/app,OK-SHALLOW,server/server.js,/sessions/quirky-inspiring-hypatia/mnt/eval-coding-agent-runs/runs/batch-20260613/calendar-week-view/no_verification/runs/7/app/pgdata,,False
calendar-week-view/no_verification/runs/8/app,OK-SHALLOW,server/index.js,/sessions/quirky-inspiring-hypatia/mnt/eval-coding-agent-runs/runs/batch-20260613/calendar-week-view/no_verification/runs/8/app/pglite-data,,False
calendar-week-view/no_verification/runs/9/app,LATENT,server/index.js,/sessions/quirky-inspiring-hypatia/mnt/eval-coding-agent-runs/runs/batch-20260613/calendar-week-view/no_verification/runs/9/app/data/pglite,/sessions/quirky-inspiring-hypatia/mnt/eval-coding-agent-runs/runs/batch-20260613/calendar-week-view/no_verification/runs/9/app/data,False
calendar-week-view/no_verification/runs/11/app,OK-MKDIR,server/src/db.js,/sessions/quirky-inspiring-hypatia/mnt/eval-coding-agent-runs/runs/batch-20260613/calendar-week-view/no_verification/runs/11/app/server/data/pgdata,,True
calendar-week-view/no_verification/runs/12/app,LATENT,backend/src/db.js,/sessions/quirky-inspiring-hypatia/mnt/eval-coding-agent-runs/runs/batch-20260613/calendar-week-view/no_verification/runs/12/app/backend/data/pgdata,/sessions/quirky-inspiring-hypatia/mnt/eval-coding-agent-runs/runs/batch-20260613/calendar-week-view/no_verification/runs/12/app/backend/data,False
calendar-week-view/no_verification/runs/13/app,OK-MKDIR,backend/src/db.js,/sessions/quirky-inspiring-hypatia/mnt/eval-coding-agent-runs/runs/batch-20260613/calendar-week-view/no_verification/runs/13/app/backend/data/pgdata,,True
calendar-week-view/no_verification/runs/14/app,OK-MKDIR,server/src/db.js,/sessions/quirky-inspiring-hypatia/mnt/eval-coding-agent-runs/runs/batch-20260613/calendar-week-view/no_verification/runs/14/app/server/data/pgdata,,True
calendar-week-view/no_verification/runs/16/app,OK-SHALLOW,backend/index.js,/sessions/quirky-inspiring-hypatia/mnt/eval-coding-agent-runs/runs/batch-20260613/calendar-week-view/no_verification/runs/16/app/backend/pgdata,,False
calendar-week-view/no_verification/runs/17/app,OK-SHALLOW,backend/index.js,/sessions/quirky-inspiring-hypatia/mnt/eval-coding-agent-runs/runs/batch-20260613/calendar-week-view/no_verification/runs/17/app/backend/pglite-data,,False
calendar-week-view/no_verification/runs/18/app,OK-SHALLOW,backend/db.js,/sessions/quirky-inspiring-hypatia/mnt/eval-coding-agent-runs/runs/batch-20260613/calendar-week-view/no_verification/runs/18/app/backend/pglite-data,,False
calendar-week-view/no_verification/runs/19/app,OK-SHALLOW,backend/server.js,/sessions/quirky-inspiring-hypatia/mnt/eval-coding-agent-runs/runs/batch-20260613/calendar-week-view/no_verification/runs/19/app/backend/pglite-data,,False
calendar-week-view/no_verification/runs/21/app,OK-SHALLOW,backend/server.js,/sessions/quirky-inspiring-hypatia/mnt/eval-coding-agent-runs/runs/batch-20260613/calendar-week-view/no_verification/runs/21/app/pgdata,,False
calendar-week-view/no_verification/runs/22/app,OK-SHALLOW,backend/server.js,/sessions/quirky-inspiring-hypatia/mnt/eval-coding-agent-runs/runs/batch-20260613/calendar-week-view/no_verification/runs/22/app/pgdata,,False
calendar-week-view/no_verification/runs/23/app,OK-SHALLOW,server/index.js,/sessions/quirky-inspiring-hypatia/mnt/eval-coding-agent-runs/runs/batch-20260613/calendar-week-view/no_verification/runs/23/app/server/pgdata,,False
calendar-week-view/no_verification/runs/24/app,OK-SHALLOW,server/index.js,/sessions/quirky-inspiring-hypatia/mnt/eval-coding-agent-runs/runs/batch-20260613/calendar-week-view/no_verification/runs/24/app/server/pgdata,,False
calendar-week-view/no_verification/runs/26/app,OK-SHALLOW,backend/server.js,/sessions/quirky-inspiring-hypatia/mnt/eval-coding-agent-runs/runs/batch-20260613/calendar-week-view/no_verification/runs/26/app/pglite-data,,False
calendar-week-view/no_verification/runs/27/app,OK-SHALLOW,server/index.js,/sessions/quirky-inspiring-hypatia/mnt/eval-coding-agent-runs/runs/batch-20260613/calendar-week-view/no_verification/runs/27/app/.pglite,,False
calendar-week-view/no_verification/runs/28/app,OK-SHALLOW,server/server.js,/sessions/quirky-inspiring-hypatia/mnt/eval-coding-agent-runs/runs/batch-20260613/calendar-week-view/no_verification/runs/28/app/calendar.db,,False
calendar-week-view/no_verification/runs/29/app,OK-SHALLOW,server.js,/sessions/quirky-inspiring-hypatia/mnt/eval-coding-agent-runs/runs/batch-20260613/calendar-week-view/no_verification/runs/29/app/calendar.db,,False
calendar-week-view/static/runs/1/app,OK-MKDIR,server/index.js,/sessions/quirky-inspiring-hypatia/mnt/eval-coding-agent-runs/runs/batch-20260613/calendar-week-view/static/runs/1/app/data/pglite,,True
calendar-week-view/static/runs/2/app,LATENT,server/src/db.js,/sessions/quirky-inspiring-hypatia/mnt/eval-coding-agent-runs/runs/batch-20260613/calendar-week-view/static/runs/2/app/data/pglite,/sessions/quirky-inspiring-hypatia/mnt/eval-coding-agent-runs/runs/batch-20260613/calendar-week-view/static/runs/2/app/data,False
calendar-week-view/static/runs/3/app,OK-MKDIR,server/index.js,/sessions/quirky-inspiring-hypatia/mnt/eval-coding-agent-runs/runs/batch-20260613/calendar-week-view/static/runs/3/app/data/pglite,,True
calendar-week-view/static/runs/4/app,OK-MKDIR,server/src/db.js,/sessions/quirky-inspiring-hypatia/mnt/eval-coding-agent-runs/runs/batch-20260613/calendar-week-view/static/runs/4/app/data/pglite,,True
calendar-week-view/static/runs/6/app,OK-SHALLOW,server/index.js,/sessions/quirky-inspiring-hypatia/mnt/eval-coding-agent-runs/runs/batch-20260613/calendar-week-view/static/runs/6/app/.pglite-data,,False
calendar-week-view/static/runs/7/app,LATENT,server/server.js,/sessions/quirky-inspiring-hypatia/mnt/eval-coding-agent-runs/runs/batch-20260613/calendar-week-view/static/runs/7/app/data/pglite,/sessions/quirky-inspiring-hypatia/mnt/eval-coding-agent-runs/runs/batch-20260613/calendar-week-view/static/runs/7/app/data,False
calendar-week-view/static/runs/8/app,LATENT,server.js,/sessions/quirky-inspiring-hypatia/mnt/eval-coding-agent-runs/runs/batch-20260613/calendar-week-view/static/runs/8/app/data/pglite,/sessions/quirky-inspiring-hypatia/mnt/eval-coding-agent-runs/runs/batch-20260613/calendar-week-view/static/runs/8/app/data,False
calendar-week-view/static/runs/9/app,LATENT,server/index.js,/sessions/quirky-inspiring-hypatia/mnt/eval-coding-agent-runs/runs/batch-20260613/calendar-week-view/static/runs/9/app/data/pglite,/sessions/quirky-inspiring-hypatia/mnt/eval-coding-agent-runs/runs/batch-20260613/calendar-week-view/static/runs/9/app/data,False
calendar-week-view/static/runs/11/app,LATENT,backend/src/db.js,/sessions/quirky-inspiring-hypatia/mnt/eval-coding-agent-runs/runs/batch-20260613/calendar-week-view/static/runs/11/app/backend/data/pgdata,/sessions/quirky-inspiring-hypatia/mnt/eval-coding-agent-runs/runs/batch-20260613/calendar-week-view/static/runs/11/app/backend/data,False
calendar-week-view/static/runs/12/app,OK-SHALLOW,server/db.js,/sessions/quirky-inspiring-hypatia/mnt/eval-coding-agent-runs/runs/batch-20260613/calendar-week-view/static/runs/12/app/pgdata,,False
calendar-week-view/static/runs/13/app,LATENT,server/src/db.js,/sessions/quirky-inspiring-hypatia/mnt/eval-coding-agent-runs/runs/batch-20260613/calendar-week-view/static/runs/13/app/server/data/pgdata,/sessions/quirky-inspiring-hypatia/mnt/eval-coding-agent-runs/runs/batch-20260613/calendar-week-view/static/runs/13/app/server/data,False
calendar-week-view/static/runs/14/app,OK-MKDIR,server/src/db.js,/sessions/quirky-inspiring-hypatia/mnt/eval-coding-agent-runs/runs/batch-20260613/calendar-week-view/static/runs/14/app/server/data/pgdata,,True
calendar-week-view/static/runs/16/app,OK-SHALLOW,server.js,/sessions/quirky-inspiring-hypatia/mnt/eval-coding-agent-runs/runs/batch-20260613/calendar-week-view/static/runs/16/app/pgdata,,False
calendar-week-view/static/runs/17/app,OK-SHALLOW,backend/server.js,/sessions/quirky-inspiring-hypatia/mnt/eval-coding-agent-runs/runs/batch-20260613/calendar-week-view/static/runs/17/app/backend/pglite-data,,False
calendar-week-view/static/runs/18/app,OK-SHALLOW,backend/server.js,/sessions/quirky-inspiring-hypatia/mnt/eval-coding-agent-runs/runs/batch-20260613/calendar-week-view/static/runs/18/app/backend/pgdata,,False
calendar-week-view/static/runs/19/app,OK-SHALLOW,backend/server.js,/sessions/quirky-inspiring-hypatia/mnt/eval-coding-agent-runs/runs/batch-20260613/calendar-week-view/static/runs/19/app/backend/pglite-data,,False
calendar-week-view/static/runs/21/app,OK-SHALLOW,server/index.js,/sessions/quirky-inspiring-hypatia/mnt/eval-coding-agent-runs/runs/batch-20260613/calendar-week-view/static/runs/21/app/pgdata,,False
calendar-week-view/static/runs/22/app,OK-SHALLOW,backend/server.js,/sessions/quirky-inspiring-hypatia/mnt/eval-coding-agent-runs/runs/batch-20260613/calendar-week-view/static/runs/22/app/pgdata,,False
calendar-week-view/static/runs/23/app,OK-SHALLOW,backend/db.js,/sessions/quirky-inspiring-hypatia/mnt/eval-coding-agent-runs/runs/batch-20260613/calendar-week-view/static/runs/23/app/backend/pgdata,,False
calendar-week-view/static/runs/24/app,OK-SHALLOW,backend/server.js,/sessions/quirky-inspiring-hypatia/mnt/eval-coding-agent-runs/runs/batch-20260613/calendar-week-view/static/runs/24/app/pgdata,,False
calendar-week-view/static/runs/26/app,OK-SHALLOW,backend/server.js,/sessions/quirky-inspiring-hypatia/mnt/eval-coding-agent-runs/runs/batch-20260613/calendar-week-view/static/runs/26/app/data,,False
calendar-week-view/static/runs/27/app,OK-SHALLOW,server/index.js,/sessions/quirky-inspiring-hypatia/mnt/eval-coding-agent-runs/runs/batch-20260613/calendar-week-view/static/runs/27/app/pglite-data,,False
calendar-week-view/static/runs/28/app,OK-SHALLOW,server.js,/sessions/quirky-inspiring-hypatia/mnt/eval-coding-agent-runs/runs/batch-20260613/calendar-week-view/static/runs/28/app/pgdata,,False
calendar-week-view/static/runs/29/app,OK-SHALLOW,server.js,/sessions/quirky-inspiring-hypatia/mnt/eval-coding-agent-runs/runs/batch-20260613/calendar-week-view/static/runs/29/app/calendar-data,,False
calendar-week-view/visual/runs/1/app,OK-MKDIR,server/index.js,/sessions/quirky-inspiring-hypatia/mnt/eval-coding-agent-runs/runs/batch-20260613/calendar-week-view/visual/runs/1/app/data/pglite,,True
calendar-week-view/visual/runs/2/app,LATENT,server/index.js,/sessions/quirky-inspiring-hypatia/mnt/eval-coding-agent-runs/runs/batch-20260613/calendar-week-view/visual/runs/2/app/data/calendar.db,/sessions/quirky-inspiring-hypatia/mnt/eval-coding-agent-runs/runs/batch-20260613/calendar-week-view/visual/runs/2/app/data,False
calendar-week-view/visual/runs/3/app,OK-MKDIR,server/index.js,/sessions/quirky-inspiring-hypatia/mnt/eval-coding-agent-runs/runs/batch-20260613/calendar-week-view/visual/runs/3/app/data/pglite,,True
calendar-week-view/visual/runs/4/app,LATENT,server/index.js,/sessions/quirky-inspiring-hypatia/mnt/eval-coding-agent-runs/runs/batch-20260613/calendar-week-view/visual/runs/4/app/data/pglite,/sessions/quirky-inspiring-hypatia/mnt/eval-coding-agent-runs/runs/batch-20260613/calendar-week-view/visual/runs/4/app/data,False
calendar-week-view/visual/runs/6/app,OK-SHALLOW,server/index.js,/sessions/quirky-inspiring-hypatia/mnt/eval-coding-agent-runs/runs/batch-20260613/calendar-week-view/visual/runs/6/app/pglite-data,,False
calendar-week-view/visual/runs/7/app,OK-SHALLOW,server/index.js,/sessions/quirky-inspiring-hypatia/mnt/eval-coding-agent-runs/runs/batch-20260613/calendar-week-view/visual/runs/7/app/pglite-data,,False
calendar-week-view/visual/runs/8/app,OK-SHALLOW,server/index.js,/sessions/quirky-inspiring-hypatia/mnt/eval-coding-agent-runs/runs/batch-20260613/calendar-week-view/visual/runs/8/app/pglite-data,,False
calendar-week-view/visual/runs/9/app,OK-SHALLOW,server/index.js,/sessions/quirky-inspiring-hypatia/mnt/eval-coding-agent-runs/runs/batch-20260613/calendar-week-view/visual/runs/9/app/.pglite-data,,False
calendar-week-view/visual/runs/11/app,OK-MKDIR,backend/src/db.js,/sessions/quirky-inspiring-hypatia/mnt/eval-coding-agent-runs/runs/batch-20260613/calendar-week-view/visual/runs/11/app/backend/data/pgdata,,True
calendar-week-view/visual/runs/12/app,OK-MKDIR,backend/db.js,/sessions/quirky-inspiring-hypatia/mnt/eval-coding-agent-runs/runs/batch-20260613/calendar-week-view/visual/runs/12/app/data/pgdata,,True
calendar-week-view/visual/runs/13/app,OK-MKDIR,server/db.js,/sessions/quirky-inspiring-hypatia/mnt/eval-coding-agent-runs/runs/batch-20260613/calendar-week-view/visual/runs/13/app/data/pgdata,,True
calendar-week-view/visual/runs/14/app,OK-SHALLOW,server/db.js,/sessions/quirky-inspiring-hypatia/mnt/eval-coding-agent-runs/runs/batch-20260613/calendar-week-view/visual/runs/14/app/pgdata,,False
calendar-week-view/visual/runs/16/app,OK-SHALLOW,server.js,/sessions/quirky-inspiring-hypatia/mnt/eval-coding-agent-runs/runs/batch-20260613/calendar-week-view/visual/runs/16/app/pglite-data,,False
calendar-week-view/visual/runs/17/app,OK-SHALLOW,server.js,/sessions/quirky-inspiring-hypatia/mnt/eval-coding-agent-runs/runs/batch-20260613/calendar-week-view/visual/runs/17/app/pglite-data,,False
calendar-week-view/visual/runs/18/app,OK-SHALLOW,backend/server.js,/sessions/quirky-inspiring-hypatia/mnt/eval-coding-agent-runs/runs/batch-20260613/calendar-week-view/visual/runs/18/app/backend/pgdata,,False
calendar-week-view/visual/runs/19/app,OK-SHALLOW,server.js,/sessions/quirky-inspiring-hypatia/mnt/eval-coding-agent-runs/runs/batch-20260613/calendar-week-view/visual/runs/19/app/pglite-data,,False
calendar-week-view/visual/runs/21/app,OK-SHALLOW,backend/server.js,/sessions/quirky-inspiring-hypatia/mnt/eval-coding-agent-runs/runs/batch-20260613/calendar-week-view/visual/runs/21/app/pgdata,,False
calendar-week-view/visual/runs/22/app,OK-SHALLOW,server/index.js,/sessions/quirky-inspiring-hypatia/mnt/eval-coding-agent-runs/runs/batch-20260613/calendar-week-view/visual/runs/22/app/pgdata,,False
calendar-week-view/visual/runs/23/app,OK-SHALLOW,server/index.js,/sessions/quirky-inspiring-hypatia/mnt/eval-coding-agent-runs/runs/batch-20260613/calendar-week-view/visual/runs/23/app/pgdata,,False
calendar-week-view/visual/runs/24/app,OK-SHALLOW,server/index.js,/sessions/quirky-inspiring-hypatia/mnt/eval-coding-agent-runs/runs/batch-20260613/calendar-week-view/visual/runs/24/app/pgdata,,False
calendar-week-view/visual/runs/26/app,OK-SHALLOW,server/index.js,/sessions/quirky-inspiring-hypatia/mnt/eval-coding-agent-runs/runs/batch-20260613/calendar-week-view/visual/runs/26/app/data,,False
calendar-week-view/visual/runs/27/app,OK-SHALLOW,backend/server.js,/sessions/quirky-inspiring-hypatia/mnt/eval-coding-agent-runs/runs/batch-20260613/calendar-week-view/visual/runs/27/app/calendar.db,,False
calendar-week-view/visual/runs/28/app,OK-SHALLOW,server/index.js,/sessions/quirky-inspiring-hypatia/mnt/eval-coding-agent-runs/runs/batch-20260613/calendar-week-view/visual/runs/28/app/data,,False
calendar-week-view/visual/runs/29/app,OK-SHALLOW,backend/server.js,/sessions/quirky-inspiring-hypatia/mnt/eval-coding-agent-runs/runs/batch-20260613/calendar-week-view/visual/runs/29/app/data,,False
calendar-week-view/visual_no_shell/runs/1/app,OK-MKDIR,server/index.js,/sessions/quirky-inspiring-hypatia/mnt/eval-coding-agent-runs/runs/batch-20260613/calendar-week-view/visual_no_shell/runs/1/app/data/pglite,,True
calendar-week-view/visual_no_shell/runs/2/app,OK-MKDIR,server/index.js,/sessions/quirky-inspiring-hypatia/mnt/eval-coding-agent-runs/runs/batch-20260613/calendar-week-view/visual_no_shell/runs/2/app/data/pglite,,True
calendar-week-view/visual_no_shell/runs/3/app,OK-MKDIR,server/index.js,/sessions/quirky-inspiring-hypatia/mnt/eval-coding-agent-runs/runs/batch-20260613/calendar-week-view/visual_no_shell/runs/3/app/data/pglite,,True
calendar-week-view/visual_no_shell/runs/4/app,OK-MKDIR,server/index.js,/sessions/quirky-inspiring-hypatia/mnt/eval-coding-agent-runs/runs/batch-20260613/calendar-week-view/visual_no_shell/runs/4/app/data/pglite,,True
calendar-week-view/visual_no_shell/runs/5/app,OK-MKDIR,server/index.js,/sessions/quirky-inspiring-hypatia/mnt/eval-coding-agent-runs/runs/batch-20260613/calendar-week-view/visual_no_shell/runs/5/app/data/pglite,,True
calendar-week-view/visual_no_shell/runs/6/app,OK-SHALLOW,server/index.js,/sessions/quirky-inspiring-hypatia/mnt/eval-coding-agent-runs/runs/batch-20260613/calendar-week-view/visual_no_shell/runs/6/app/pgdata,,False
calendar-week-view/visual_no_shell/runs/7/app,OK-MKDIR,server.js,/sessions/quirky-inspiring-hypatia/mnt/eval-coding-agent-runs/runs/batch-20260613/calendar-week-view/visual_no_shell/runs/7/app/pgdata,,True
calendar-week-view/visual_no_shell/runs/8/app,OK-SHALLOW,server/index.js,/sessions/quirky-inspiring-hypatia/mnt/eval-coding-agent-runs/runs/batch-20260613/calendar-week-view/visual_no_shell/runs/8/app/pgdata,,False
calendar-week-view/visual_no_shell/runs/9/app,OK-SHALLOW,server.js,/sessions/quirky-inspiring-hypatia/mnt/eval-coding-agent-runs/runs/batch-20260613/calendar-week-view/visual_no_shell/runs/9/app/pglite-data,,False
calendar-week-view/visual_no_shell/runs/10/app,OK-SHALLOW,server.js,/sessions/quirky-inspiring-hypatia/mnt/eval-coding-agent-runs/runs/batch-20260613/calendar-week-view/visual_no_shell/runs/10/app/pgdata,,False
calendar-week-view/visual_no_shell/runs/11/app,OK-MKDIR,backend/db.js,/sessions/quirky-inspiring-hypatia/mnt/eval-coding-agent-runs/runs/batch-20260613/calendar-week-view/visual_no_shell/runs/11/app/backend/data/pgdata,,True
calendar-week-view/visual_no_shell/runs/12/app,OK-MKDIR,server/src/db.js,/sessions/quirky-inspiring-hypatia/mnt/eval-coding-agent-runs/runs/batch-20260613/calendar-week-view/visual_no_shell/runs/12/app/server/pgdata,,True
calendar-week-view/visual_no_shell/runs/13/app,OK-SHALLOW,server/index.js,/sessions/quirky-inspiring-hypatia/mnt/eval-coding-agent-runs/runs/batch-20260613/calendar-week-view/visual_no_shell/runs/13/app/server/data,,False
calendar-week-view/visual_no_shell/runs/14/app,OK-MKDIR,server/src/db.js,/sessions/quirky-inspiring-hypatia/mnt/eval-coding-agent-runs/runs/batch-20260613/calendar-week-view/visual_no_shell/runs/14/app/server/data/pgdata,,True
calendar-week-view/visual_no_shell/runs/15/app,OK-MKDIR,server/db.js,/sessions/quirky-inspiring-hypatia/mnt/eval-coding-agent-runs/runs/batch-20260613/calendar-week-view/visual_no_shell/runs/15/app/data/pgdata,,True
calendar-week-view/visual_no_shell/runs/16/app,OK-SHALLOW,server.js,/sessions/quirky-inspiring-hypatia/mnt/eval-coding-agent-runs/runs/batch-20260613/calendar-week-view/visual_no_shell/runs/16/app/pglite-data,,False
calendar-week-view/visual_no_shell/runs/17/app,OK-SHALLOW,backend/server.js,/sessions/quirky-inspiring-hypatia/mnt/eval-coding-agent-runs/runs/batch-20260613/calendar-week-view/visual_no_shell/runs/17/app/backend/pglite-data,,False
calendar-week-view/visual_no_shell/runs/18/app,OK-SHALLOW,backend/server.js,/sessions/quirky-inspiring-hypatia/mnt/eval-coding-agent-runs/runs/batch-20260613/calendar-week-view/visual_no_shell/runs/18/app/backend/pglite-data,,False
calendar-week-view/visual_no_shell/runs/19/app,LATENT,seed.js,/sessions/quirky-inspiring-hypatia/mnt/eval-coding-agent-runs/runs/batch-20260613/calendar-week-view/visual_no_shell/runs/19/app/backend/pglite-data,/sessions/quirky-inspiring-hypatia/mnt/eval-coding-agent-runs/runs/batch-20260613/calendar-week-view/visual_no_shell/runs/19/app/backend,False
calendar-week-view/visual_no_shell/runs/20/app,OK-SHALLOW,backend/server.js,/sessions/quirky-inspiring-hypatia/mnt/eval-coding-agent-runs/runs/batch-20260613/calendar-week-view/visual_no_shell/runs/20/app/backend/pglite-data,,False
calendar-week-view/visual_no_shell/runs/21/app,OK-SHALLOW,server/index.js,/sessions/quirky-inspiring-hypatia/mnt/eval-coding-agent-runs/runs/batch-20260613/calendar-week-view/visual_no_shell/runs/21/app/pgdata,,False
calendar-week-view/visual_no_shell/runs/22/app,OK-SHALLOW,server/index.js,/sessions/quirky-inspiring-hypatia/mnt/eval-coding-agent-runs/runs/batch-20260613/calendar-week-view/visual_no_shell/runs/22/app/pgdata,,False
calendar-week-view/visual_no_shell/runs/23/app,OK-SHALLOW,server/index.js,/sessions/quirky-inspiring-hypatia/mnt/eval-coding-agent-runs/runs/batch-20260613/calendar-week-view/visual_no_shell/runs/23/app/pgdata,,False
calendar-week-view/visual_no_shell/runs/24/app,OK-SHALLOW,server/index.js,/sessions/quirky-inspiring-hypatia/mnt/eval-coding-agent-runs/runs/batch-20260613/calendar-week-view/visual_no_shell/runs/24/app/pgdata,,False
calendar-week-view/visual_no_shell/runs/25/app,OK-SHALLOW,server/index.js,/sessions/quirky-inspiring-hypatia/mnt/eval-coding-agent-runs/runs/batch-20260613/calendar-week-view/visual_no_shell/runs/25/app/pgdata,,False
calendar-week-view/visual_no_shell/runs/26/app,OK-SHALLOW,server.js,/sessions/quirky-inspiring-hypatia/mnt/eval-coding-agent-runs/runs/batch-20260613/calendar-week-view/visual_no_shell/runs/26/app/calendar-data,,False
calendar-week-view/visual_no_shell/runs/27/app,OK-SHALLOW,backend/server.js,/sessions/quirky-inspiring-hypatia/mnt/eval-coding-agent-runs/runs/batch-20260613/calendar-week-view/visual_no_shell/runs/27/app/calendar-data,,False
calendar-week-view/visual_no_shell/runs/28/app,OK-SHALLOW,server/index.js,/sessions/quirky-inspiring-hypatia/mnt/eval-coding-agent-runs/runs/batch-20260613/calendar-week-view/visual_no_shell/runs/28/app/calendar.db,,False
calendar-week-view/visual_no_shell/runs/29/app,OK-SHALLOW,server/index.js,/sessions/quirky-inspiring-hypatia/mnt/eval-coding-agent-runs/runs/batch-20260613/calendar-week-view/visual_no_shell/runs/29/app/data,,False
calendar-week-view/visual_no_shell/runs/30/app,OK-SHALLOW,backend/server.js,/sessions/quirky-inspiring-hypatia/mnt/eval-coding-agent-runs/runs/batch-20260613/calendar-week-view/visual_no_shell/runs/30/app/backend/.pglite,,False
kanban-board/boot_check/runs/1/app,OK-MKDIR,server/db.js,/sessions/quirky-inspiring-hypatia/mnt/eval-coding-agent-runs/runs/batch-20260613/kanban-board/boot_check/runs/1/app/data/pglite,,True
kanban-board/boot_check/runs/2/app,LATENT,server/db.js,/sessions/quirky-inspiring-hypatia/mnt/eval-coding-agent-runs/runs/batch-20260613/kanban-board/boot_check/runs/2/app/data/pglite,/sessions/quirky-inspiring-hypatia/mnt/eval-coding-agent-runs/runs/batch-20260613/kanban-board/boot_check/runs/2/app/data,False
kanban-board/boot_check/runs/3/app,LATENT,server/db.js,/sessions/quirky-inspiring-hypatia/mnt/eval-coding-agent-runs/runs/batch-20260613/kanban-board/boot_check/runs/3/app/data/pglite,/sessions/quirky-inspiring-hypatia/mnt/eval-coding-agent-runs/runs/batch-20260613/kanban-board/boot_check/runs/3/app/data,False
kanban-board/boot_check/runs/4/app,OK-MKDIR,server/db.js,/sessions/quirky-inspiring-hypatia/mnt/eval-coding-agent-runs/runs/batch-20260613/kanban-board/boot_check/runs/4/app/data/pglite,,True
kanban-board/boot_check/runs/5/app,OK-MKDIR,server/db.js,/sessions/quirky-inspiring-hypatia/mnt/eval-coding-agent-runs/runs/batch-20260613/kanban-board/boot_check/runs/5/app/data/pglite,,True
kanban-board/boot_check/runs/6/app,OK-SHALLOW,server/index.js,/sessions/quirky-inspiring-hypatia/mnt/eval-coding-agent-runs/runs/batch-20260613/kanban-board/boot_check/runs/6/app/pglite-data,,False
kanban-board/boot_check/runs/7/app,OK-SHALLOW,server/index.js,/sessions/quirky-inspiring-hypatia/mnt/eval-coding-agent-runs/runs/batch-20260613/kanban-board/boot_check/runs/7/app/.pglite-data,,False
kanban-board/boot_check/runs/8/app,OK-SHALLOW,server/index.js,/sessions/quirky-inspiring-hypatia/mnt/eval-coding-agent-runs/runs/batch-20260613/kanban-board/boot_check/runs/8/app/pgdata,,False
kanban-board/boot_check/runs/9/app,OK-SHALLOW,server/index.js,/sessions/quirky-inspiring-hypatia/mnt/eval-coding-agent-runs/runs/batch-20260613/kanban-board/boot_check/runs/9/app/pglite-data,,False
kanban-board/boot_check/runs/10/app,OK-SHALLOW,server.js,/sessions/quirky-inspiring-hypatia/mnt/eval-coding-agent-runs/runs/batch-20260613/kanban-board/boot_check/runs/10/app/.pglite-data,,False
kanban-board/boot_check/runs/11/app,OK-MKDIR,server/db.js,/sessions/quirky-inspiring-hypatia/mnt/eval-coding-agent-runs/runs/batch-20260613/kanban-board/boot_check/runs/11/app/.data/kanban,,True
kanban-board/boot_check/runs/12/app,OK-MKDIR,server/db.js,/sessions/quirky-inspiring-hypatia/mnt/eval-coding-agent-runs/runs/batch-20260613/kanban-board/boot_check/runs/12/app/data/pgdata,,True
kanban-board/boot_check/runs/13/app,OK-MKDIR,server/db.js,/sessions/quirky-inspiring-hypatia/mnt/eval-coding-agent-runs/runs/batch-20260613/kanban-board/boot_check/runs/13/app/data/pgdata,,True
kanban-board/boot_check/runs/14/app,OK-MKDIR,server/db.js,/sessions/quirky-inspiring-hypatia/mnt/eval-coding-agent-runs/runs/batch-20260613/kanban-board/boot_check/runs/14/app/.pgdata,,True
kanban-board/boot_check/runs/15/app,OK-SHALLOW,server/db.js,/sessions/quirky-inspiring-hypatia/mnt/eval-coding-agent-runs/runs/batch-20260613/kanban-board/boot_check/runs/15/app/pgdata,,False
kanban-board/boot_check/runs/16/app,OK-SHALLOW,server.js,/sessions/quirky-inspiring-hypatia/mnt/eval-coding-agent-runs/runs/batch-20260613/kanban-board/boot_check/runs/16/app/kanban-db,,False
kanban-board/boot_check/runs/17/app,OK-SHALLOW,server.js,/sessions/quirky-inspiring-hypatia/mnt/eval-coding-agent-runs/runs/batch-20260613/kanban-board/boot_check/runs/17/app/db,,False
kanban-board/boot_check/runs/18/app,OK-SHALLOW,server.js,/sessions/quirky-inspiring-hypatia/mnt/eval-coding-agent-runs/runs/batch-20260613/kanban-board/boot_check/runs/18/app/db,,False
kanban-board/boot_check/runs/19/app,OK-SHALLOW,server/index.js,/sessions/quirky-inspiring-hypatia/mnt/eval-coding-agent-runs/runs/batch-20260613/kanban-board/boot_check/runs/19/app/kanban-db,,False
kanban-board/boot_check/runs/20/app,OK-SHALLOW,server.js,/sessions/quirky-inspiring-hypatia/mnt/eval-coding-agent-runs/runs/batch-20260613/kanban-board/boot_check/runs/20/app/kanban-db,,False
kanban-board/boot_check/runs/21/app,OK-SHALLOW,server/db.js,/sessions/quirky-inspiring-hypatia/mnt/eval-coding-agent-runs/runs/batch-20260613/kanban-board/boot_check/runs/21/app/pgdata,,False
kanban-board/boot_check/runs/22/app,OK-SHALLOW,server/db.js,/sessions/quirky-inspiring-hypatia/mnt/eval-coding-agent-runs/runs/batch-20260613/kanban-board/boot_check/runs/22/app/.pglite-data,,False
kanban-board/boot_check/runs/23/app,OK-SHALLOW,server/db.js,/sessions/quirky-inspiring-hypatia/mnt/eval-coding-agent-runs/runs/batch-20260613/kanban-board/boot_check/runs/23/app/pgdata,,False
kanban-board/boot_check/runs/24/app,OK-SHALLOW,server/db.js,/sessions/quirky-inspiring-hypatia/mnt/eval-coding-agent-runs/runs/batch-20260613/kanban-board/boot_check/runs/24/app/pgdata,,False
kanban-board/boot_check/runs/25/app,OK-SHALLOW,server/index.js,/sessions/quirky-inspiring-hypatia/mnt/eval-coding-agent-runs/runs/batch-20260613/kanban-board/boot_check/runs/25/app/pgdata,,False
kanban-board/boot_check/runs/26/app,OK-MKDIR,server.js,/sessions/quirky-inspiring-hypatia/mnt/eval-coding-agent-runs/runs/batch-20260613/kanban-board/boot_check/runs/26/app/kanban.db,,True
kanban-board/boot_check/runs/27/app,OK-SHALLOW,backend/server.js,/sessions/quirky-inspiring-hypatia/mnt/eval-coding-agent-runs/runs/batch-20260613/kanban-board/boot_check/runs/27/app/kanban-data,,False
kanban-board/boot_check/runs/28/app,OK-SHALLOW,backend/db.js,/sessions/quirky-inspiring-hypatia/mnt/eval-coding-agent-runs/runs/batch-20260613/kanban-board/boot_check/runs/28/app/kanban-data,,False
kanban-board/boot_check/runs/29/app,OK-MKDIR,backend/server.js,/sessions/quirky-inspiring-hypatia/mnt/eval-coding-agent-runs/runs/batch-20260613/kanban-board/boot_check/runs/29/app/kanban.db,,True
kanban-board/boot_check/runs/30/app,OK-SHALLOW,server.js,/sessions/quirky-inspiring-hypatia/mnt/eval-coding-agent-runs/runs/batch-20260613/kanban-board/boot_check/runs/30/app/kanban.db,,False
kanban-board/delayed_verification/runs/1/app,OK-MKDIR,server/db.js,/sessions/quirky-inspiring-hypatia/mnt/eval-coding-agent-runs/runs/batch-20260613/kanban-board/delayed_verification/runs/1/app/data/pglite,,True
kanban-board/delayed_verification/runs/2/app,LATENT,server/db.js,/sessions/quirky-inspiring-hypatia/mnt/eval-coding-agent-runs/runs/batch-20260613/kanban-board/delayed_verification/runs/2/app/data/pglite,/sessions/quirky-inspiring-hypatia/mnt/eval-coding-agent-runs/runs/batch-20260613/kanban-board/delayed_verification/runs/2/app/data,False
kanban-board/delayed_verification/runs/3/app,OK-MKDIR,server/db.js,/sessions/quirky-inspiring-hypatia/mnt/eval-coding-agent-runs/runs/batch-20260613/kanban-board/delayed_verification/runs/3/app/data/pglite,,True
kanban-board/delayed_verification/runs/4/app,LATENT,server/db.js,/sessions/quirky-inspiring-hypatia/mnt/eval-coding-agent-runs/runs/batch-20260613/kanban-board/delayed_verification/runs/4/app/data/pglite,/sessions/quirky-inspiring-hypatia/mnt/eval-coding-agent-runs/runs/batch-20260613/kanban-board/delayed_verification/runs/4/app/data,False
kanban-board/delayed_verification/runs/5/app,OK-MKDIR,server/db.js,/sessions/quirky-inspiring-hypatia/mnt/eval-coding-agent-runs/runs/batch-20260613/kanban-board/delayed_verification/runs/5/app/data/pglite,,True
kanban-board/delayed_verification/runs/6/app,LATENT,server/index.js,/sessions/quirky-inspiring-hypatia/mnt/eval-coding-agent-runs/runs/batch-20260613/kanban-board/delayed_verification/runs/6/app/data/pglite,/sessions/quirky-inspiring-hypatia/mnt/eval-coding-agent-runs/runs/batch-20260613/kanban-board/delayed_verification/runs/6/app/data,False
kanban-board/delayed_verification/runs/7/app,OK-SHALLOW,server/index.js,/sessions/quirky-inspiring-hypatia/mnt/eval-coding-agent-runs/runs/batch-20260613/kanban-board/delayed_verification/runs/7/app/.pglite,,False
kanban-board/delayed_verification/runs/8/app,OK-SHALLOW,server/index.js,/sessions/quirky-inspiring-hypatia/mnt/eval-coding-agent-runs/runs/batch-20260613/kanban-board/delayed_verification/runs/8/app/pgdata,,False
kanban-board/delayed_verification/runs/9/app,OK-MKDIR,server/index.js,/sessions/quirky-inspiring-hypatia/mnt/eval-coding-agent-runs/runs/batch-20260613/kanban-board/delayed_verification/runs/9/app/data/pglite,,True
kanban-board/delayed_verification/runs/10/app,LATENT,server/index.js,/sessions/quirky-inspiring-hypatia/mnt/eval-coding-agent-runs/runs/batch-20260613/kanban-board/delayed_verification/runs/10/app/data/pglite,/sessions/quirky-inspiring-hypatia/mnt/eval-coding-agent-runs/runs/batch-20260613/kanban-board/delayed_verification/runs/10/app/data,False
kanban-board/delayed_verification/runs/11/app,LATENT,server/src/db.js,/sessions/quirky-inspiring-hypatia/mnt/eval-coding-agent-runs/runs/batch-20260613/kanban-board/delayed_verification/runs/11/app/server/data/kanban,/sessions/quirky-inspiring-hypatia/mnt/eval-coding-agent-runs/runs/batch-20260613/kanban-board/delayed_verification/runs/11/app/server/data,False
kanban-board/delayed_verification/runs/12/app,OK-MKDIR,server/db.js,/sessions/quirky-inspiring-hypatia/mnt/eval-coding-agent-runs/runs/batch-20260613/kanban-board/delayed_verification/runs/12/app/data/pgdata,,True
kanban-board/delayed_verification/runs/13/app,OK-MKDIR,server/db.js,/sessions/quirky-inspiring-hypatia/mnt/eval-coding-agent-runs/runs/batch-20260613/kanban-board/delayed_verification/runs/13/app/data/kanban,,True
kanban-board/delayed_verification/runs/14/app,OK-MKDIR,server/src/db.js,/sessions/quirky-inspiring-hypatia/mnt/eval-coding-agent-runs/runs/batch-20260613/kanban-board/delayed_verification/runs/14/app/server/data/kanban,,True
kanban-board/delayed_verification/runs/15/app,OK-MKDIR,server/db.js,/sessions/quirky-inspiring-hypatia/mnt/eval-coding-agent-runs/runs/batch-20260613/kanban-board/delayed_verification/runs/15/app/.data/kanban,,True
kanban-board/delayed_verification/runs/16/app,OK-SHALLOW,server.js,/sessions/quirky-inspiring-hypatia/mnt/eval-coding-agent-runs/runs/batch-20260613/kanban-board/delayed_verification/runs/16/app/db,,False
kanban-board/delayed_verification/runs/17/app,OK-SHALLOW,server.js,/sessions/quirky-inspiring-hypatia/mnt/eval-coding-agent-runs/runs/batch-20260613/kanban-board/delayed_verification/runs/17/app/db,,False
kanban-board/delayed_verification/runs/18/app,OK-SHALLOW,server.js,/sessions/quirky-inspiring-hypatia/mnt/eval-coding-agent-runs/runs/batch-20260613/kanban-board/delayed_verification/runs/18/app/db,,False
kanban-board/delayed_verification/runs/19/app,OK-SHALLOW,server.js,/sessions/quirky-inspiring-hypatia/mnt/eval-coding-agent-runs/runs/batch-20260613/kanban-board/delayed_verification/runs/19/app/db,,False
kanban-board/delayed_verification/runs/20/app,OK-SHALLOW,server.js,/sessions/quirky-inspiring-hypatia/mnt/eval-coding-agent-runs/runs/batch-20260613/kanban-board/delayed_verification/runs/20/app/db,,False
kanban-board/delayed_verification/runs/21/app,OK-SHALLOW,server/index.js,/sessions/quirky-inspiring-hypatia/mnt/eval-coding-agent-runs/runs/batch-20260613/kanban-board/delayed_verification/runs/21/app/pgdata,,False
kanban-board/delayed_verification/runs/22/app,OK-SHALLOW,server/db.js,/sessions/quirky-inspiring-hypatia/mnt/eval-coding-agent-runs/runs/batch-20260613/kanban-board/delayed_verification/runs/22/app/pgdata,,False
kanban-board/delayed_verification/runs/23/app,OK-SHALLOW,server/db.js,/sessions/quirky-inspiring-hypatia/mnt/eval-coding-agent-runs/runs/batch-20260613/kanban-board/delayed_verification/runs/23/app/pgdata,,False
kanban-board/delayed_verification/runs/24/app,OK-SHALLOW,server/db.js,/sessions/quirky-inspiring-hypatia/mnt/eval-coding-agent-runs/runs/batch-20260613/kanban-board/delayed_verification/runs/24/app/pgdata,,False
kanban-board/delayed_verification/runs/25/app,OK-SHALLOW,backend/db.js,/sessions/quirky-inspiring-hypatia/mnt/eval-coding-agent-runs/runs/batch-20260613/kanban-board/delayed_verification/runs/25/app/pgdata,,False
kanban-board/delayed_verification/runs/26/app,OK-SHALLOW,backend/db.js,/sessions/quirky-inspiring-hypatia/mnt/eval-coding-agent-runs/runs/batch-20260613/kanban-board/delayed_verification/runs/26/app/kanban-data,,False
kanban-board/delayed_verification/runs/27/app,OK-SHALLOW,backend/server.js,/sessions/quirky-inspiring-hypatia/mnt/eval-coding-agent-runs/runs/batch-20260613/kanban-board/delayed_verification/runs/27/app/backend/kanban-data,,False
kanban-board/delayed_verification/runs/28/app,OK-SHALLOW,backend/db.js,/sessions/quirky-inspiring-hypatia/mnt/eval-coding-agent-runs/runs/batch-20260613/kanban-board/delayed_verification/runs/28/app/data,,False
kanban-board/delayed_verification/runs/29/app,OK-SHALLOW,backend/db.js,/sessions/quirky-inspiring-hypatia/mnt/eval-coding-agent-runs/runs/batch-20260613/kanban-board/delayed_verification/runs/29/app/kanban-data,,False
kanban-board/delayed_verification/runs/30/app,OK-SHALLOW,backend/server.js,/sessions/quirky-inspiring-hypatia/mnt/eval-coding-agent-runs/runs/batch-20260613/kanban-board/delayed_verification/runs/30/app/data,,False
kanban-board/execution/runs/1/app,OK-MKDIR,server/src/db.js,/sessions/quirky-inspiring-hypatia/mnt/eval-coding-agent-runs/runs/batch-20260613/kanban-board/execution/runs/1/app/data/kanban-db,,True
kanban-board/execution/runs/2/app,OK-MKDIR,server/db.js,/sessions/quirky-inspiring-hypatia/mnt/eval-coding-agent-runs/runs/batch-20260613/kanban-board/execution/runs/2/app/data/pglite,,True
kanban-board/execution/runs/3/app,LATENT,server/db.js,/sessions/quirky-inspiring-hypatia/mnt/eval-coding-agent-runs/runs/batch-20260613/kanban-board/execution/runs/3/app/data/pglite,/sessions/quirky-inspiring-hypatia/mnt/eval-coding-agent-runs/runs/batch-20260613/kanban-board/execution/runs/3/app/data,False
kanban-board/execution/runs/4/app,LATENT,server/db.js,/sessions/quirky-inspiring-hypatia/mnt/eval-coding-agent-runs/runs/batch-20260613/kanban-board/execution/runs/4/app/data/pglite,/sessions/quirky-inspiring-hypatia/mnt/eval-coding-agent-runs/runs/batch-20260613/kanban-board/execution/runs/4/app/data,False
kanban-board/execution/runs/5/app,LATENT,server/db.js,/sessions/quirky-inspiring-hypatia/mnt/eval-coding-agent-runs/runs/batch-20260613/kanban-board/execution/runs/5/app/data/pglite,/sessions/quirky-inspiring-hypatia/mnt/eval-coding-agent-runs/runs/batch-20260613/kanban-board/execution/runs/5/app/data,False
kanban-board/execution/runs/6/app,OK-MKDIR,server/index.js,/sessions/quirky-inspiring-hypatia/mnt/eval-coding-agent-runs/runs/batch-20260613/kanban-board/execution/runs/6/app/data/pglite,,True
kanban-board/execution/runs/7/app,OK-SHALLOW,server/index.js,/sessions/quirky-inspiring-hypatia/mnt/eval-coding-agent-runs/runs/batch-20260613/kanban-board/execution/runs/7/app/.pglite-data,,False
kanban-board/execution/runs/8/app,OK-SHALLOW,server/index.js,/sessions/quirky-inspiring-hypatia/mnt/eval-coding-agent-runs/runs/batch-20260613/kanban-board/execution/runs/8/app/pgdata,,False
kanban-board/execution/runs/9/app,OK-SHALLOW,server/index.js,/sessions/quirky-inspiring-hypatia/mnt/eval-coding-agent-runs/runs/batch-20260613/kanban-board/execution/runs/9/app/.pglite-data,,False
kanban-board/execution/runs/10/app,OK-SHALLOW,server/index.js,/sessions/quirky-inspiring-hypatia/mnt/eval-coding-agent-runs/runs/batch-20260613/kanban-board/execution/runs/10/app/.pglite,,False
kanban-board/execution/runs/11/app,OK-MKDIR,server/db.js,/sessions/quirky-inspiring-hypatia/mnt/eval-coding-agent-runs/runs/batch-20260613/kanban-board/execution/runs/11/app/.pgdata,,True
kanban-board/execution/runs/12/app,OK-MKDIR,server/db.js,/sessions/quirky-inspiring-hypatia/mnt/eval-coding-agent-runs/runs/batch-20260613/kanban-board/execution/runs/12/app/.data/kanban,,True
kanban-board/execution/runs/13/app,OK-MKDIR,server/db.js,/sessions/quirky-inspiring-hypatia/mnt/eval-coding-agent-runs/runs/batch-20260613/kanban-board/execution/runs/13/app/.pgdata,,True
kanban-board/execution/runs/14/app,OK-MKDIR,server/db.js,/sessions/quirky-inspiring-hypatia/mnt/eval-coding-agent-runs/runs/batch-20260613/kanban-board/execution/runs/14/app/data/pgdata,,True
kanban-board/execution/runs/15/app,OK-MKDIR,server/db.js,/sessions/quirky-inspiring-hypatia/mnt/eval-coding-agent-runs/runs/batch-20260613/kanban-board/execution/runs/15/app/.pgdata,,True
kanban-board/execution/runs/16/app,OK-SHALLOW,backend/db.js,/sessions/quirky-inspiring-hypatia/mnt/eval-coding-agent-runs/runs/batch-20260613/kanban-board/execution/runs/16/app/db-data,,False
kanban-board/execution/runs/17/app,OK-SHALLOW,server.js,/sessions/quirky-inspiring-hypatia/mnt/eval-coding-agent-runs/runs/batch-20260613/kanban-board/execution/runs/17/app/db,,False
kanban-board/execution/runs/18/app,OK-SHALLOW,server/index.js,/sessions/quirky-inspiring-hypatia/mnt/eval-coding-agent-runs/runs/batch-20260613/kanban-board/execution/runs/18/app/db,,False
kanban-board/execution/runs/19/app,OK-SHALLOW,backend/index.js,/sessions/quirky-inspiring-hypatia/mnt/eval-coding-agent-runs/runs/batch-20260613/kanban-board/execution/runs/19/app/backend/db,,False
kanban-board/execution/runs/20/app,OK-SHALLOW,server.js,/sessions/quirky-inspiring-hypatia/mnt/eval-coding-agent-runs/runs/batch-20260613/kanban-board/execution/runs/20/app/db,,False
kanban-board/execution/runs/21/app,OK-SHALLOW,server/db.js,/sessions/quirky-inspiring-hypatia/mnt/eval-coding-agent-runs/runs/batch-20260613/kanban-board/execution/runs/21/app/pgdata,,False
kanban-board/execution/runs/22/app,OK-SHALLOW,server/db.js,/sessions/quirky-inspiring-hypatia/mnt/eval-coding-agent-runs/runs/batch-20260613/kanban-board/execution/runs/22/app/pgdata,,False
kanban-board/execution/runs/23/app,OK-SHALLOW,server/db.js,/sessions/quirky-inspiring-hypatia/mnt/eval-coding-agent-runs/runs/batch-20260613/kanban-board/execution/runs/23/app/server/pgdata,,False
kanban-board/execution/runs/24/app,OK-SHALLOW,backend/db.js,/sessions/quirky-inspiring-hypatia/mnt/eval-coding-agent-runs/runs/batch-20260613/kanban-board/execution/runs/24/app/backend/kanban-data,,False
kanban-board/execution/runs/25/app,OK-SHALLOW,server/db.js,/sessions/quirky-inspiring-hypatia/mnt/eval-coding-agent-runs/runs/batch-20260613/kanban-board/execution/runs/25/app/pgdata,,False
kanban-board/execution/runs/26/app,OK-SHALLOW,backend/server.js,/sessions/quirky-inspiring-hypatia/mnt/eval-coding-agent-runs/runs/batch-20260613/kanban-board/execution/runs/26/app/.pglite,,False
kanban-board/execution/runs/27/app,LATENT,backend/server.js,/sessions/quirky-inspiring-hypatia/mnt/eval-coding-agent-runs/runs/batch-20260613/kanban-board/execution/runs/27/app/data/kanban.db,/sessions/quirky-inspiring-hypatia/mnt/eval-coding-agent-runs/runs/batch-20260613/kanban-board/execution/runs/27/app/data,False
kanban-board/execution/runs/28/app,OK-SHALLOW,backend/server.js,/sessions/quirky-inspiring-hypatia/mnt/eval-coding-agent-runs/runs/batch-20260613/kanban-board/execution/runs/28/app/kanban-data,,False
kanban-board/execution/runs/29/app,OK-SHALLOW,server.js,/sessions/quirky-inspiring-hypatia/mnt/eval-coding-agent-runs/runs/batch-20260613/kanban-board/execution/runs/29/app/kanban-data,,False
kanban-board/execution/runs/30/app,OK-SHALLOW,backend/server.js,/sessions/quirky-inspiring-hypatia/mnt/eval-coding-agent-runs/runs/batch-20260613/kanban-board/execution/runs/30/app/backend/kanban.db,,False
kanban-board/no_verification/runs/1/app,LATENT,server/db.js,/sessions/quirky-inspiring-hypatia/mnt/eval-coding-agent-runs/runs/batch-20260613/kanban-board/no_verification/runs/1/app/data/pglite,/sessions/quirky-inspiring-hypatia/mnt/eval-coding-agent-runs/runs/batch-20260613/kanban-board/no_verification/runs/1/app/data,False
kanban-board/no_verification/runs/2/app,LATENT,server/db.js,/sessions/quirky-inspiring-hypatia/mnt/eval-coding-agent-runs/runs/batch-20260613/kanban-board/no_verification/runs/2/app/data/pglite,/sessions/quirky-inspiring-hypatia/mnt/eval-coding-agent-runs/runs/batch-20260613/kanban-board/no_verification/runs/2/app/data,False
kanban-board/no_verification/runs/3/app,LATENT,server/db.js,/sessions/quirky-inspiring-hypatia/mnt/eval-coding-agent-runs/runs/batch-20260613/kanban-board/no_verification/runs/3/app/data/pglite,/sessions/quirky-inspiring-hypatia/mnt/eval-coding-agent-runs/runs/batch-20260613/kanban-board/no_verification/runs/3/app/data,False
kanban-board/no_verification/runs/4/app,LATENT,server/db.js,/sessions/quirky-inspiring-hypatia/mnt/eval-coding-agent-runs/runs/batch-20260613/kanban-board/no_verification/runs/4/app/data/pglite,/sessions/quirky-inspiring-hypatia/mnt/eval-coding-agent-runs/runs/batch-20260613/kanban-board/no_verification/runs/4/app/data,False
kanban-board/no_verification/runs/5/app,LATENT,server/db.js,/sessions/quirky-inspiring-hypatia/mnt/eval-coding-agent-runs/runs/batch-20260613/kanban-board/no_verification/runs/5/app/data/pglite,/sessions/quirky-inspiring-hypatia/mnt/eval-coding-agent-runs/runs/batch-20260613/kanban-board/no_verification/runs/5/app/data,False
kanban-board/no_verification/runs/6/app,OK-MKDIR,server/index.js,/sessions/quirky-inspiring-hypatia/mnt/eval-coding-agent-runs/runs/batch-20260613/kanban-board/no_verification/runs/6/app/.pglite,,True
kanban-board/no_verification/runs/7/app,OK-SHALLOW,server/index.js,/sessions/quirky-inspiring-hypatia/mnt/eval-coding-agent-runs/runs/batch-20260613/kanban-board/no_verification/runs/7/app/.pglite-data,,False
kanban-board/no_verification/runs/8/app,LATENT,server/index.js,/sessions/quirky-inspiring-hypatia/mnt/eval-coding-agent-runs/runs/batch-20260613/kanban-board/no_verification/runs/8/app/data/pglite,/sessions/quirky-inspiring-hypatia/mnt/eval-coding-agent-runs/runs/batch-20260613/kanban-board/no_verification/runs/8/app/data,False
kanban-board/no_verification/runs/9/app,OK-MKDIR,server/index.js,/sessions/quirky-inspiring-hypatia/mnt/eval-coding-agent-runs/runs/batch-20260613/kanban-board/no_verification/runs/9/app/data/pglite,,True
kanban-board/no_verification/runs/10/app,LATENT,server/index.js,/sessions/quirky-inspiring-hypatia/mnt/eval-coding-agent-runs/runs/batch-20260613/kanban-board/no_verification/runs/10/app/data/pglite,/sessions/quirky-inspiring-hypatia/mnt/eval-coding-agent-runs/runs/batch-20260613/kanban-board/no_verification/runs/10/app/data,False
kanban-board/no_verification/runs/11/app,OK-MKDIR,server/src/db.js,/sessions/quirky-inspiring-hypatia/mnt/eval-coding-agent-runs/runs/batch-20260613/kanban-board/no_verification/runs/11/app/server/data/kanban,,True
kanban-board/no_verification/runs/12/app,OK-SHALLOW,server/db.js,/sessions/quirky-inspiring-hypatia/mnt/eval-coding-agent-runs/runs/batch-20260613/kanban-board/no_verification/runs/12/app/server/.pgdata,,False
kanban-board/no_verification/runs/13/app,LATENT,server/db.js,/sessions/quirky-inspiring-hypatia/mnt/eval-coding-agent-runs/runs/batch-20260613/kanban-board/no_verification/runs/13/app/data/pgdata,/sessions/quirky-inspiring-hypatia/mnt/eval-coding-agent-runs/runs/batch-20260613/kanban-board/no_verification/runs/13/app/data,False
kanban-board/no_verification/runs/14/app,LATENT,server/src/db.js,/sessions/quirky-inspiring-hypatia/mnt/eval-coding-agent-runs/runs/batch-20260613/kanban-board/no_verification/runs/14/app/server/data/kanban,/sessions/quirky-inspiring-hypatia/mnt/eval-coding-agent-runs/runs/batch-20260613/kanban-board/no_verification/runs/14/app/server/data,False
kanban-board/no_verification/runs/15/app,OK-MKDIR,server/db.js,/sessions/quirky-inspiring-hypatia/mnt/eval-coding-agent-runs/runs/batch-20260613/kanban-board/no_verification/runs/15/app/data/pgdata,,True
kanban-board/no_verification/runs/16/app,OK-SHALLOW,server/index.js,/sessions/quirky-inspiring-hypatia/mnt/eval-coding-agent-runs/runs/batch-20260613/kanban-board/no_verification/runs/16/app/db-data,,False
kanban-board/no_verification/runs/17/app,OK-SHALLOW,backend/server.js,/sessions/quirky-inspiring-hypatia/mnt/eval-coding-agent-runs/runs/batch-20260613/kanban-board/no_verification/runs/17/app/backend/kanban.db,,False
kanban-board/no_verification/runs/18/app,OK-SHALLOW,server.js,/sessions/quirky-inspiring-hypatia/mnt/eval-coding-agent-runs/runs/batch-20260613/kanban-board/no_verification/runs/18/app/db,,False
kanban-board/no_verification/runs/19/app,OK-SHALLOW,server.js,/sessions/quirky-inspiring-hypatia/mnt/eval-coding-agent-runs/runs/batch-20260613/kanban-board/no_verification/runs/19/app/db,,False
kanban-board/no_verification/runs/20/app,OK-SHALLOW,server.js,/sessions/quirky-inspiring-hypatia/mnt/eval-coding-agent-runs/runs/batch-20260613/kanban-board/no_verification/runs/20/app/kanban-db,,False
kanban-board/no_verification/runs/21/app,OK-SHALLOW,server/db.js,/sessions/quirky-inspiring-hypatia/mnt/eval-coding-agent-runs/runs/batch-20260613/kanban-board/no_verification/runs/21/app/pgdata,,False
kanban-board/no_verification/runs/22/app,OK-SHALLOW,server/db.js,/sessions/quirky-inspiring-hypatia/mnt/eval-coding-agent-runs/runs/batch-20260613/kanban-board/no_verification/runs/22/app/pgdata,,False
kanban-board/no_verification/runs/23/app,LATENT,backend/db.js,/sessions/quirky-inspiring-hypatia/mnt/eval-coding-agent-runs/runs/batch-20260613/kanban-board/no_verification/runs/23/app/data/pgdata,/sessions/quirky-inspiring-hypatia/mnt/eval-coding-agent-runs/runs/batch-20260613/kanban-board/no_verification/runs/23/app/data,False
kanban-board/no_verification/runs/24/app,OK-SHALLOW,server/db.js,/sessions/quirky-inspiring-hypatia/mnt/eval-coding-agent-runs/runs/batch-20260613/kanban-board/no_verification/runs/24/app/pgdata,,False
kanban-board/no_verification/runs/25/app,LATENT,server/index.js,/sessions/quirky-inspiring-hypatia/mnt/eval-coding-agent-runs/runs/batch-20260613/kanban-board/no_verification/runs/25/app/data/kanban-db,/sessions/quirky-inspiring-hypatia/mnt/eval-coding-agent-runs/runs/batch-20260613/kanban-board/no_verification/runs/25/app/data,False
kanban-board/no_verification/runs/26/app,OK-SHALLOW,backend/db.js,/sessions/quirky-inspiring-hypatia/mnt/eval-coding-agent-runs/runs/batch-20260613/kanban-board/no_verification/runs/26/app/kanban-data,,False
kanban-board/no_verification/runs/27/app,OK-SHALLOW,server.js,/sessions/quirky-inspiring-hypatia/mnt/eval-coding-agent-runs/runs/batch-20260613/kanban-board/no_verification/runs/27/app/.pglite,,False
kanban-board/no_verification/runs/28/app,OK-SHALLOW,backend/db.js,/sessions/quirky-inspiring-hypatia/mnt/eval-coding-agent-runs/runs/batch-20260613/kanban-board/no_verification/runs/28/app/kanban-data,,False
kanban-board/no_verification/runs/29/app,OK-SHALLOW,server.js,/sessions/quirky-inspiring-hypatia/mnt/eval-coding-agent-runs/runs/batch-20260613/kanban-board/no_verification/runs/29/app/kanban-data,,False
kanban-board/no_verification/runs/30/app,OK-SHALLOW,backend/server.js,/sessions/quirky-inspiring-hypatia/mnt/eval-coding-agent-runs/runs/batch-20260613/kanban-board/no_verification/runs/30/app/kanban-data,,False
kanban-board/static/runs/1/app,LATENT,server/db.js,/sessions/quirky-inspiring-hypatia/mnt/eval-coding-agent-runs/runs/batch-20260613/kanban-board/static/runs/1/app/data/pglite,/sessions/quirky-inspiring-hypatia/mnt/eval-coding-agent-runs/runs/batch-20260613/kanban-board/static/runs/1/app/data,False
kanban-board/static/runs/2/app,LATENT,server/src/db.js,/sessions/quirky-inspiring-hypatia/mnt/eval-coding-agent-runs/runs/batch-20260613/kanban-board/static/runs/2/app/data/pglite,/sessions/quirky-inspiring-hypatia/mnt/eval-coding-agent-runs/runs/batch-20260613/kanban-board/static/runs/2/app/data,False
kanban-board/static/runs/3/app,LATENT,server/db.js,/sessions/quirky-inspiring-hypatia/mnt/eval-coding-agent-runs/runs/batch-20260613/kanban-board/static/runs/3/app/data/pglite,/sessions/quirky-inspiring-hypatia/mnt/eval-coding-agent-runs/runs/batch-20260613/kanban-board/static/runs/3/app/data,False
kanban-board/static/runs/4/app,LATENT,server/src/db.js,/sessions/quirky-inspiring-hypatia/mnt/eval-coding-agent-runs/runs/batch-20260613/kanban-board/static/runs/4/app/data/kanban.db,/sessions/quirky-inspiring-hypatia/mnt/eval-coding-agent-runs/runs/batch-20260613/kanban-board/static/runs/4/app/data,False
kanban-board/static/runs/5/app,LATENT,server/db.js,/sessions/quirky-inspiring-hypatia/mnt/eval-coding-agent-runs/runs/batch-20260613/kanban-board/static/runs/5/app/data/pglite,/sessions/quirky-inspiring-hypatia/mnt/eval-coding-agent-runs/runs/batch-20260613/kanban-board/static/runs/5/app/data,False
kanban-board/static/runs/6/app,LATENT,server/index.js,/sessions/quirky-inspiring-hypatia/mnt/eval-coding-agent-runs/runs/batch-20260613/kanban-board/static/runs/6/app/data/pglite,/sessions/quirky-inspiring-hypatia/mnt/eval-coding-agent-runs/runs/batch-20260613/kanban-board/static/runs/6/app/data,False
kanban-board/static/runs/7/app,OK-MKDIR,src/server.js,/sessions/quirky-inspiring-hypatia/mnt/eval-coding-agent-runs/runs/batch-20260613/kanban-board/static/runs/7/app/data/kanban-pglite,,True
kanban-board/static/runs/8/app,LATENT,server/index.js,/sessions/quirky-inspiring-hypatia/mnt/eval-coding-agent-runs/runs/batch-20260613/kanban-board/static/runs/8/app/data/pglite,/sessions/quirky-inspiring-hypatia/mnt/eval-coding-agent-runs/runs/batch-20260613/kanban-board/static/runs/8/app/data,False
kanban-board/static/runs/9/app,OK-SHALLOW,server/index.js,/sessions/quirky-inspiring-hypatia/mnt/eval-coding-agent-runs/runs/batch-20260613/kanban-board/static/runs/9/app/.pglite,,False
kanban-board/static/runs/10/app,OK-MKDIR,server/index.js,/sessions/quirky-inspiring-hypatia/mnt/eval-coding-agent-runs/runs/batch-20260613/kanban-board/static/runs/10/app/.pglite,,True
kanban-board/static/runs/11/app,OK-SHALLOW,server/db.js,/sessions/quirky-inspiring-hypatia/mnt/eval-coding-agent-runs/runs/batch-20260613/kanban-board/static/runs/11/app/.pgdata,,False
kanban-board/static/runs/12/app,OK-SHALLOW,server/db.js,/sessions/quirky-inspiring-hypatia/mnt/eval-coding-agent-runs/runs/batch-20260613/kanban-board/static/runs/12/app/.pgdata,,False
kanban-board/static/runs/13/app,LATENT,server/db.js,/sessions/quirky-inspiring-hypatia/mnt/eval-coding-agent-runs/runs/batch-20260613/kanban-board/static/runs/13/app/data/kanban,/sessions/quirky-inspiring-hypatia/mnt/eval-coding-agent-runs/runs/batch-20260613/kanban-board/static/runs/13/app/data,False
kanban-board/static/runs/14/app,LATENT,server/db.js,/sessions/quirky-inspiring-hypatia/mnt/eval-coding-agent-runs/runs/batch-20260613/kanban-board/static/runs/14/app/server/.data/kanban,/sessions/quirky-inspiring-hypatia/mnt/eval-coding-agent-runs/runs/batch-20260613/kanban-board/static/runs/14/app/server/.data,False
kanban-board/static/runs/15/app,LATENT,server/db.js,/sessions/quirky-inspiring-hypatia/mnt/eval-coding-agent-runs/runs/batch-20260613/kanban-board/static/runs/15/app/data/kanban,/sessions/quirky-inspiring-hypatia/mnt/eval-coding-agent-runs/runs/batch-20260613/kanban-board/static/runs/15/app/data,False
kanban-board/static/runs/16/app,OK-SHALLOW,server.js,/sessions/quirky-inspiring-hypatia/mnt/eval-coding-agent-runs/runs/batch-20260613/kanban-board/static/runs/16/app/db,,False
kanban-board/static/runs/17/app,OK-MKDIR,server/index.js,/sessions/quirky-inspiring-hypatia/mnt/eval-coding-agent-runs/runs/batch-20260613/kanban-board/static/runs/17/app/db-data,,True
kanban-board/static/runs/18/app,OK-SHALLOW,server.js,/sessions/quirky-inspiring-hypatia/mnt/eval-coding-agent-runs/runs/batch-20260613/kanban-board/static/runs/18/app/db,,False
kanban-board/static/runs/19/app,OK-SHALLOW,backend/db.js,/sessions/quirky-inspiring-hypatia/mnt/eval-coding-agent-runs/runs/batch-20260613/kanban-board/static/runs/19/app/kanban-db,,False
kanban-board/static/runs/20/app,OK-SHALLOW,backend/server.js,/sessions/quirky-inspiring-hypatia/mnt/eval-coding-agent-runs/runs/batch-20260613/kanban-board/static/runs/20/app/db,,False
kanban-board/static/runs/21/app,OK-SHALLOW,server/db.js,/sessions/quirky-inspiring-hypatia/mnt/eval-coding-agent-runs/runs/batch-20260613/kanban-board/static/runs/21/app/pgdata,,False
kanban-board/static/runs/22/app,LATENT,server/db.js,/sessions/quirky-inspiring-hypatia/mnt/eval-coding-agent-runs/runs/batch-20260613/kanban-board/static/runs/22/app/data/kanban,/sessions/quirky-inspiring-hypatia/mnt/eval-coding-agent-runs/runs/batch-20260613/kanban-board/static/runs/22/app/data,False
kanban-board/static/runs/23/app,OK-SHALLOW,server/db.js,/sessions/quirky-inspiring-hypatia/mnt/eval-coding-agent-runs/runs/batch-20260613/kanban-board/static/runs/23/app/pgdata,,False
kanban-board/static/runs/24/app,LATENT,server/db.ts,/sessions/quirky-inspiring-hypatia/mnt/eval-coding-agent-runs/runs/batch-20260613/kanban-board/static/runs/24/app/data/kanban-db,/sessions/quirky-inspiring-hypatia/mnt/eval-coding-agent-runs/runs/batch-20260613/kanban-board/static/runs/24/app/data,False
kanban-board/static/runs/25/app,WILL-FAIL,server/db.ts,/sessions/quirky-inspiring-hypatia/mnt/eval-coding-agent-runs/runs/batch-20260613/kanban-board/static/runs/25/app/data/kanban,/sessions/quirky-inspiring-hypatia/mnt/eval-coding-agent-runs/runs/batch-20260613/kanban-board/static/runs/25/app/data,False
kanban-board/static/runs/26/app,OK-SHALLOW,db.js,/sessions/quirky-inspiring-hypatia/mnt/eval-coding-agent-runs/runs/batch-20260613/kanban-board/static/runs/26/app/.pglite-data,,False
kanban-board/static/runs/27/app,OK-SHALLOW,server/db.js,/sessions/quirky-inspiring-hypatia/mnt/eval-coding-agent-runs/runs/batch-20260613/kanban-board/static/runs/27/app/kanban-data,,False
kanban-board/static/runs/28/app,OK-SHALLOW,server/db.js,/sessions/quirky-inspiring-hypatia/mnt/eval-coding-agent-runs/runs/batch-20260613/kanban-board/static/runs/28/app/kanban-data,,False
kanban-board/static/runs/29/app,OK-SHALLOW,backend/server.js,/sessions/quirky-inspiring-hypatia/mnt/eval-coding-agent-runs/runs/batch-20260613/kanban-board/static/runs/29/app/backend/kanban.db,,False
kanban-board/static/runs/30/app,OK-SHALLOW,server.js,/sessions/quirky-inspiring-hypatia/mnt/eval-coding-agent-runs/runs/batch-20260613/kanban-board/static/runs/30/app/kanban-data,,False
kanban-board/visual/runs/1/app,LATENT,server/db.js,/sessions/quirky-inspiring-hypatia/mnt/eval-coding-agent-runs/runs/batch-20260613/kanban-board/visual/runs/1/app/data/pglite,/sessions/quirky-inspiring-hypatia/mnt/eval-coding-agent-runs/runs/batch-20260613/kanban-board/visual/runs/1/app/data,False
kanban-board/visual/runs/2/app,LATENT,backend/db.js,/sessions/quirky-inspiring-hypatia/mnt/eval-coding-agent-runs/runs/batch-20260613/kanban-board/visual/runs/2/app/data/pglite,/sessions/quirky-inspiring-hypatia/mnt/eval-coding-agent-runs/runs/batch-20260613/kanban-board/visual/runs/2/app/data,False
kanban-board/visual/runs/3/app,LATENT,server/db.js,/sessions/quirky-inspiring-hypatia/mnt/eval-coding-agent-runs/runs/batch-20260613/kanban-board/visual/runs/3/app/data/pglite,/sessions/quirky-inspiring-hypatia/mnt/eval-coding-agent-runs/runs/batch-20260613/kanban-board/visual/runs/3/app/data,False
kanban-board/visual/runs/4/app,OK-MKDIR,server/db.js,/sessions/quirky-inspiring-hypatia/mnt/eval-coding-agent-runs/runs/batch-20260613/kanban-board/visual/runs/4/app/data/pglite,,True
kanban-board/visual/runs/6/app,OK-SHALLOW,server/index.js,/sessions/quirky-inspiring-hypatia/mnt/eval-coding-agent-runs/runs/batch-20260613/kanban-board/visual/runs/6/app/pglite-data,,False
kanban-board/visual/runs/7/app,OK-MKDIR,server/index.js,/sessions/quirky-inspiring-hypatia/mnt/eval-coding-agent-runs/runs/batch-20260613/kanban-board/visual/runs/7/app/data/pglite,,True
kanban-board/visual/runs/8/app,OK-MKDIR,server/index.js,/sessions/quirky-inspiring-hypatia/mnt/eval-coding-agent-runs/runs/batch-20260613/kanban-board/visual/runs/8/app/data/pglite,,True
kanban-board/visual/runs/9/app,OK-SHALLOW,server/index.js,/sessions/quirky-inspiring-hypatia/mnt/eval-coding-agent-runs/runs/batch-20260613/kanban-board/visual/runs/9/app/.pglite,,False
kanban-board/visual/runs/11/app,OK-MKDIR,server/db.js,/sessions/quirky-inspiring-hypatia/mnt/eval-coding-agent-runs/runs/batch-20260613/kanban-board/visual/runs/11/app/data/pgdata,,True
kanban-board/visual/runs/12/app,OK-MKDIR,server/db.js,/sessions/quirky-inspiring-hypatia/mnt/eval-coding-agent-runs/runs/batch-20260613/kanban-board/visual/runs/12/app/.data/pgdata,,True
kanban-board/visual/runs/13/app,OK-MKDIR,server/db.js,/sessions/quirky-inspiring-hypatia/mnt/eval-coding-agent-runs/runs/batch-20260613/kanban-board/visual/runs/13/app/data/pgdata,,True
kanban-board/visual/runs/14/app,OK-MKDIR,server/src/db.js,/sessions/quirky-inspiring-hypatia/mnt/eval-coding-agent-runs/runs/batch-20260613/kanban-board/visual/runs/14/app/server/data/kanban,,True
kanban-board/visual/runs/16/app,OK-SHALLOW,server.js,/sessions/quirky-inspiring-hypatia/mnt/eval-coding-agent-runs/runs/batch-20260613/kanban-board/visual/runs/16/app/db,,False
kanban-board/visual/runs/17/app,OK-SHALLOW,server/index.js,/sessions/quirky-inspiring-hypatia/mnt/eval-coding-agent-runs/runs/batch-20260613/kanban-board/visual/runs/17/app/kanban-db,,False
kanban-board/visual/runs/18/app,OK-SHALLOW,server.js,/sessions/quirky-inspiring-hypatia/mnt/eval-coding-agent-runs/runs/batch-20260613/kanban-board/visual/runs/18/app/db,,False
kanban-board/visual/runs/19/app,OK-SHALLOW,server.js,/sessions/quirky-inspiring-hypatia/mnt/eval-coding-agent-runs/runs/batch-20260613/kanban-board/visual/runs/19/app/db,,False
kanban-board/visual/runs/21/app,OK-SHALLOW,server/db.js,/sessions/quirky-inspiring-hypatia/mnt/eval-coding-agent-runs/runs/batch-20260613/kanban-board/visual/runs/21/app/pgdata,,False
kanban-board/visual/runs/22/app,OK-SHALLOW,server/db.js,/sessions/quirky-inspiring-hypatia/mnt/eval-coding-agent-runs/runs/batch-20260613/kanban-board/visual/runs/22/app/pgdata,,False
kanban-board/visual/runs/23/app,OK-SHALLOW,server/db.js,/sessions/quirky-inspiring-hypatia/mnt/eval-coding-agent-runs/runs/batch-20260613/kanban-board/visual/runs/23/app/pgdata,,False
kanban-board/visual/runs/24/app,OK-SHALLOW,server/db.js,/sessions/quirky-inspiring-hypatia/mnt/eval-coding-agent-runs/runs/batch-20260613/kanban-board/visual/runs/24/app/pgdata,,False
kanban-board/visual/runs/26/app,OK-SHALLOW,backend/server.js,/sessions/quirky-inspiring-hypatia/mnt/eval-coding-agent-runs/runs/batch-20260613/kanban-board/visual/runs/26/app/backend/pglite-data,,False
kanban-board/visual/runs/27/app,OK-SHALLOW,server.js,/sessions/quirky-inspiring-hypatia/mnt/eval-coding-agent-runs/runs/batch-20260613/kanban-board/visual/runs/27/app/kanban.db,,False
kanban-board/visual/runs/28/app,OK-SHALLOW,server/index.js,/sessions/quirky-inspiring-hypatia/mnt/eval-coding-agent-runs/runs/batch-20260613/kanban-board/visual/runs/28/app/pgdata,,False
kanban-board/visual/runs/29/app,OK-SHALLOW,backend/server.js,/sessions/quirky-inspiring-hypatia/mnt/eval-coding-agent-runs/runs/batch-20260613/kanban-board/visual/runs/29/app/.pglite,,False
kanban-labels-brownfield/boot_check/runs/1/app,OK-SHALLOW,server/index.js,/sessions/quirky-inspiring-hypatia/mnt/eval-coding-agent-runs/runs/batch-20260613/kanban-labels-brownfield/boot_check/runs/1/app/pglite-data,,False
kanban-labels-brownfield/boot_check/runs/2/app,OK-SHALLOW,server/index.js,/sessions/quirky-inspiring-hypatia/mnt/eval-coding-agent-runs/runs/batch-20260613/kanban-labels-brownfield/boot_check/runs/2/app/pglite-data,,False
kanban-labels-brownfield/boot_check/runs/3/app,OK-SHALLOW,server/index.js,/sessions/quirky-inspiring-hypatia/mnt/eval-coding-agent-runs/runs/batch-20260613/kanban-labels-brownfield/boot_check/runs/3/app/pglite-data,,False
kanban-labels-brownfield/boot_check/runs/4/app,OK-SHALLOW,server/index.js,/sessions/quirky-inspiring-hypatia/mnt/eval-coding-agent-runs/runs/batch-20260613/kanban-labels-brownfield/boot_check/runs/4/app/pglite-data,,False
kanban-labels-brownfield/boot_check/runs/5/app,OK-SHALLOW,server/index.js,/sessions/quirky-inspiring-hypatia/mnt/eval-coding-agent-runs/runs/batch-20260613/kanban-labels-brownfield/boot_check/runs/5/app/pglite-data,,False
kanban-labels-brownfield/boot_check/runs/6/app,OK-SHALLOW,server/index.js,/sessions/quirky-inspiring-hypatia/mnt/eval-coding-agent-runs/runs/batch-20260613/kanban-labels-brownfield/boot_check/runs/6/app/pglite-data,,False
kanban-labels-brownfield/boot_check/runs/7/app,OK-SHALLOW,server/index.js,/sessions/quirky-inspiring-hypatia/mnt/eval-coding-agent-runs/runs/batch-20260613/kanban-labels-brownfield/boot_check/runs/7/app/pglite-data,,False
kanban-labels-brownfield/boot_check/runs/8/app,OK-SHALLOW,server/index.js,/sessions/quirky-inspiring-hypatia/mnt/eval-coding-agent-runs/runs/batch-20260613/kanban-labels-brownfield/boot_check/runs/8/app/pglite-data,,False
kanban-labels-brownfield/boot_check/runs/9/app,OK-SHALLOW,server/index.js,/sessions/quirky-inspiring-hypatia/mnt/eval-coding-agent-runs/runs/batch-20260613/kanban-labels-brownfield/boot_check/runs/9/app/pglite-data,,False
kanban-labels-brownfield/boot_check/runs/10/app,OK-SHALLOW,server/index.js,/sessions/quirky-inspiring-hypatia/mnt/eval-coding-agent-runs/runs/batch-20260613/kanban-labels-brownfield/boot_check/runs/10/app/pglite-data,,False
kanban-labels-brownfield/boot_check/runs/11/app,OK-SHALLOW,server/index.js,/sessions/quirky-inspiring-hypatia/mnt/eval-coding-agent-runs/runs/batch-20260613/kanban-labels-brownfield/boot_check/runs/11/app/pglite-data,,False
kanban-labels-brownfield/boot_check/runs/12/app,OK-SHALLOW,server/index.js,/sessions/quirky-inspiring-hypatia/mnt/eval-coding-agent-runs/runs/batch-20260613/kanban-labels-brownfield/boot_check/runs/12/app/pglite-data,,False
kanban-labels-brownfield/boot_check/runs/13/app,OK-SHALLOW,server/index.js,/sessions/quirky-inspiring-hypatia/mnt/eval-coding-agent-runs/runs/batch-20260613/kanban-labels-brownfield/boot_check/runs/13/app/pglite-data,,False
kanban-labels-brownfield/boot_check/runs/14/app,OK-SHALLOW,server/index.js,/sessions/quirky-inspiring-hypatia/mnt/eval-coding-agent-runs/runs/batch-20260613/kanban-labels-brownfield/boot_check/runs/14/app/pglite-data,,False
kanban-labels-brownfield/boot_check/runs/15/app,OK-SHALLOW,server/index.js,/sessions/quirky-inspiring-hypatia/mnt/eval-coding-agent-runs/runs/batch-20260613/kanban-labels-brownfield/boot_check/runs/15/app/pglite-data,,False
kanban-labels-brownfield/boot_check/runs/16/app,OK-SHALLOW,server/index.js,/sessions/quirky-inspiring-hypatia/mnt/eval-coding-agent-runs/runs/batch-20260613/kanban-labels-brownfield/boot_check/runs/16/app/pglite-data,,False
kanban-labels-brownfield/boot_check/runs/17/app,OK-SHALLOW,server/index.js,/sessions/quirky-inspiring-hypatia/mnt/eval-coding-agent-runs/runs/batch-20260613/kanban-labels-brownfield/boot_check/runs/17/app/pglite-data,,False
kanban-labels-brownfield/boot_check/runs/18/app,OK-SHALLOW,server/index.js,/sessions/quirky-inspiring-hypatia/mnt/eval-coding-agent-runs/runs/batch-20260613/kanban-labels-brownfield/boot_check/runs/18/app/pglite-data,,False
kanban-labels-brownfield/boot_check/runs/19/app,OK-SHALLOW,server/index.js,/sessions/quirky-inspiring-hypatia/mnt/eval-coding-agent-runs/runs/batch-20260613/kanban-labels-brownfield/boot_check/runs/19/app/pglite-data,,False
kanban-labels-brownfield/boot_check/runs/20/app,OK-SHALLOW,server/index.js,/sessions/quirky-inspiring-hypatia/mnt/eval-coding-agent-runs/runs/batch-20260613/kanban-labels-brownfield/boot_check/runs/20/app/pglite-data,,False
kanban-labels-brownfield/boot_check/runs/21/app,OK-SHALLOW,server/index.js,/sessions/quirky-inspiring-hypatia/mnt/eval-coding-agent-runs/runs/batch-20260613/kanban-labels-brownfield/boot_check/runs/21/app/pglite-data,,False
kanban-labels-brownfield/boot_check/runs/22/app,OK-SHALLOW,server/index.js,/sessions/quirky-inspiring-hypatia/mnt/eval-coding-agent-runs/runs/batch-20260613/kanban-labels-brownfield/boot_check/runs/22/app/pglite-data,,False
kanban-labels-brownfield/boot_check/runs/23/app,OK-SHALLOW,server/index.js,/sessions/quirky-inspiring-hypatia/mnt/eval-coding-agent-runs/runs/batch-20260613/kanban-labels-brownfield/boot_check/runs/23/app/pglite-data,,False
kanban-labels-brownfield/boot_check/runs/24/app,OK-SHALLOW,server/index.js,/sessions/quirky-inspiring-hypatia/mnt/eval-coding-agent-runs/runs/batch-20260613/kanban-labels-brownfield/boot_check/runs/24/app/pglite-data,,False
kanban-labels-brownfield/boot_check/runs/25/app,OK-SHALLOW,server/index.js,/sessions/quirky-inspiring-hypatia/mnt/eval-coding-agent-runs/runs/batch-20260613/kanban-labels-brownfield/boot_check/runs/25/app/pglite-data,,False
kanban-labels-brownfield/boot_check/runs/26/app,OK-SHALLOW,server/index.js,/sessions/quirky-inspiring-hypatia/mnt/eval-coding-agent-runs/runs/batch-20260613/kanban-labels-brownfield/boot_check/runs/26/app/pglite-data,,False
kanban-labels-brownfield/boot_check/runs/27/app,OK-SHALLOW,server/index.js,/sessions/quirky-inspiring-hypatia/mnt/eval-coding-agent-runs/runs/batch-20260613/kanban-labels-brownfield/boot_check/runs/27/app/pglite-data,,False
kanban-labels-brownfield/boot_check/runs/28/app,OK-SHALLOW,server/index.js,/sessions/quirky-inspiring-hypatia/mnt/eval-coding-agent-runs/runs/batch-20260613/kanban-labels-brownfield/boot_check/runs/28/app/pglite-data,,False
kanban-labels-brownfield/boot_check/runs/29/app,OK-SHALLOW,server/index.js,/sessions/quirky-inspiring-hypatia/mnt/eval-coding-agent-runs/runs/batch-20260613/kanban-labels-brownfield/boot_check/runs/29/app/pglite-data,,False
kanban-labels-brownfield/boot_check/runs/30/app,OK-SHALLOW,server/index.js,/sessions/quirky-inspiring-hypatia/mnt/eval-coding-agent-runs/runs/batch-20260613/kanban-labels-brownfield/boot_check/runs/30/app/pglite-data,,False
kanban-labels-brownfield/execution/runs/1/app,OK-SHALLOW,server/index.js,/sessions/quirky-inspiring-hypatia/mnt/eval-coding-agent-runs/runs/batch-20260613/kanban-labels-brownfield/execution/runs/1/app/pglite-data,,False
kanban-labels-brownfield/execution/runs/2/app,OK-SHALLOW,server/index.js,/sessions/quirky-inspiring-hypatia/mnt/eval-coding-agent-runs/runs/batch-20260613/kanban-labels-brownfield/execution/runs/2/app/pglite-data,,False
kanban-labels-brownfield/execution/runs/3/app,OK-SHALLOW,server/index.js,/sessions/quirky-inspiring-hypatia/mnt/eval-coding-agent-runs/runs/batch-20260613/kanban-labels-brownfield/execution/runs/3/app/pglite-data,,False
kanban-labels-brownfield/execution/runs/4/app,OK-SHALLOW,server/index.js,/sessions/quirky-inspiring-hypatia/mnt/eval-coding-agent-runs/runs/batch-20260613/kanban-labels-brownfield/execution/runs/4/app/pglite-data,,False
kanban-labels-brownfield/execution/runs/5/app,OK-SHALLOW,server/index.js,/sessions/quirky-inspiring-hypatia/mnt/eval-coding-agent-runs/runs/batch-20260613/kanban-labels-brownfield/execution/runs/5/app/pglite-data,,False
kanban-labels-brownfield/execution/runs/6/app,OK-SHALLOW,server/index.js,/sessions/quirky-inspiring-hypatia/mnt/eval-coding-agent-runs/runs/batch-20260613/kanban-labels-brownfield/execution/runs/6/app/pglite-data,,False
kanban-labels-brownfield/execution/runs/7/app,OK-SHALLOW,server/index.js,/sessions/quirky-inspiring-hypatia/mnt/eval-coding-agent-runs/runs/batch-20260613/kanban-labels-brownfield/execution/runs/7/app/pglite-data,,False
kanban-labels-brownfield/execution/runs/8/app,OK-SHALLOW,server/index.js,/sessions/quirky-inspiring-hypatia/mnt/eval-coding-agent-runs/runs/batch-20260613/kanban-labels-brownfield/execution/runs/8/app/pglite-data,,False
kanban-labels-brownfield/execution/runs/9/app,OK-SHALLOW,server/index.js,/sessions/quirky-inspiring-hypatia/mnt/eval-coding-agent-runs/runs/batch-20260613/kanban-labels-brownfield/execution/runs/9/app/pglite-data,,False
kanban-labels-brownfield/execution/runs/10/app,OK-SHALLOW,server/index.js,/sessions/quirky-inspiring-hypatia/mnt/eval-coding-agent-runs/runs/batch-20260613/kanban-labels-brownfield/execution/runs/10/app/pglite-data,,False
kanban-labels-brownfield/execution/runs/11/app,OK-SHALLOW,server/index.js,/sessions/quirky-inspiring-hypatia/mnt/eval-coding-agent-runs/runs/batch-20260613/kanban-labels-brownfield/execution/runs/11/app/pglite-data,,False
kanban-labels-brownfield/execution/runs/12/app,OK-SHALLOW,server/index.js,/sessions/quirky-inspiring-hypatia/mnt/eval-coding-agent-runs/runs/batch-20260613/kanban-labels-brownfield/execution/runs/12/app/pglite-data,,False
kanban-labels-brownfield/execution/runs/13/app,OK-SHALLOW,server/index.js,/sessions/quirky-inspiring-hypatia/mnt/eval-coding-agent-runs/runs/batch-20260613/kanban-labels-brownfield/execution/runs/13/app/pglite-data,,False
kanban-labels-brownfield/execution/runs/14/app,OK-SHALLOW,server/index.js,/sessions/quirky-inspiring-hypatia/mnt/eval-coding-agent-runs/runs/batch-20260613/kanban-labels-brownfield/execution/runs/14/app/pglite-data,,False
kanban-labels-brownfield/execution/runs/15/app,OK-SHALLOW,server/index.js,/sessions/quirky-inspiring-hypatia/mnt/eval-coding-agent-runs/runs/batch-20260613/kanban-labels-brownfield/execution/runs/15/app/pglite-data,,False
kanban-labels-brownfield/execution/runs/16/app,OK-SHALLOW,server/index.js,/sessions/quirky-inspiring-hypatia/mnt/eval-coding-agent-runs/runs/batch-20260613/kanban-labels-brownfield/execution/runs/16/app/pglite-data,,False
kanban-labels-brownfield/execution/runs/17/app,OK-SHALLOW,server/index.js,/sessions/quirky-inspiring-hypatia/mnt/eval-coding-agent-runs/runs/batch-20260613/kanban-labels-brownfield/execution/runs/17/app/pglite-data,,False
kanban-labels-brownfield/execution/runs/18/app,OK-SHALLOW,server/index.js,/sessions/quirky-inspiring-hypatia/mnt/eval-coding-agent-runs/runs/batch-20260613/kanban-labels-brownfield/execution/runs/18/app/pglite-data,,False
kanban-labels-brownfield/execution/runs/19/app,OK-SHALLOW,server/index.js,/sessions/quirky-inspiring-hypatia/mnt/eval-coding-agent-runs/runs/batch-20260613/kanban-labels-brownfield/execution/runs/19/app/pglite-data,,False
kanban-labels-brownfield/execution/runs/20/app,OK-SHALLOW,server/index.js,/sessions/quirky-inspiring-hypatia/mnt/eval-coding-agent-runs/runs/batch-20260613/kanban-labels-brownfield/execution/runs/20/app/pglite-data,,False
kanban-labels-brownfield/execution/runs/21/app,OK-SHALLOW,server/index.js,/sessions/quirky-inspiring-hypatia/mnt/eval-coding-agent-runs/runs/batch-20260613/kanban-labels-brownfield/execution/runs/21/app/pglite-data,,False
kanban-labels-brownfield/execution/runs/22/app,OK-SHALLOW,server/index.js,/sessions/quirky-inspiring-hypatia/mnt/eval-coding-agent-runs/runs/batch-20260613/kanban-labels-brownfield/execution/runs/22/app/pglite-data,,False
kanban-labels-brownfield/execution/runs/23/app,OK-SHALLOW,server/index.js,/sessions/quirky-inspiring-hypatia/mnt/eval-coding-agent-runs/runs/batch-20260613/kanban-labels-brownfield/execution/runs/23/app/pglite-data,,False
kanban-labels-brownfield/execution/runs/24/app,OK-SHALLOW,server/index.js,/sessions/quirky-inspiring-hypatia/mnt/eval-coding-agent-runs/runs/batch-20260613/kanban-labels-brownfield/execution/runs/24/app/pglite-data,,False
kanban-labels-brownfield/execution/runs/25/app,OK-SHALLOW,server/index.js,/sessions/quirky-inspiring-hypatia/mnt/eval-coding-agent-runs/runs/batch-20260613/kanban-labels-brownfield/execution/runs/25/app/pglite-data,,False
kanban-labels-brownfield/execution/runs/26/app,OK-SHALLOW,server/index.js,/sessions/quirky-inspiring-hypatia/mnt/eval-coding-agent-runs/runs/batch-20260613/kanban-labels-brownfield/execution/runs/26/app/pglite-data,,False
kanban-labels-brownfield/execution/runs/27/app,OK-SHALLOW,server/index.js,/sessions/quirky-inspiring-hypatia/mnt/eval-coding-agent-runs/runs/batch-20260613/kanban-labels-brownfield/execution/runs/27/app/pglite-data,,False
kanban-labels-brownfield/execution/runs/28/app,OK-SHALLOW,server/index.js,/sessions/quirky-inspiring-hypatia/mnt/eval-coding-agent-runs/runs/batch-20260613/kanban-labels-brownfield/execution/runs/28/app/pglite-data,,False
kanban-labels-brownfield/execution/runs/29/app,OK-SHALLOW,server/index.js,/sessions/quirky-inspiring-hypatia/mnt/eval-coding-agent-runs/runs/batch-20260613/kanban-labels-brownfield/execution/runs/29/app/pglite-data,,False
kanban-labels-brownfield/execution/runs/30/app,OK-SHALLOW,server/index.js,/sessions/quirky-inspiring-hypatia/mnt/eval-coding-agent-runs/runs/batch-20260613/kanban-labels-brownfield/execution/runs/30/app/pglite-data,,False
kanban-labels-brownfield/no_verification/runs/1/app,OK-SHALLOW,server/index.js,/sessions/quirky-inspiring-hypatia/mnt/eval-coding-agent-runs/runs/batch-20260613/kanban-labels-brownfield/no_verification/runs/1/app/pglite-data,,False
kanban-labels-brownfield/no_verification/runs/2/app,OK-SHALLOW,server/index.js,/sessions/quirky-inspiring-hypatia/mnt/eval-coding-agent-runs/runs/batch-20260613/kanban-labels-brownfield/no_verification/runs/2/app/pglite-data,,False
kanban-labels-brownfield/no_verification/runs/3/app,OK-SHALLOW,server/index.js,/sessions/quirky-inspiring-hypatia/mnt/eval-coding-agent-runs/runs/batch-20260613/kanban-labels-brownfield/no_verification/runs/3/app/pglite-data,,False
kanban-labels-brownfield/no_verification/runs/4/app,OK-SHALLOW,server/index.js,/sessions/quirky-inspiring-hypatia/mnt/eval-coding-agent-runs/runs/batch-20260613/kanban-labels-brownfield/no_verification/runs/4/app/pglite-data,,False
kanban-labels-brownfield/no_verification/runs/5/app,OK-SHALLOW,server/index.js,/sessions/quirky-inspiring-hypatia/mnt/eval-coding-agent-runs/runs/batch-20260613/kanban-labels-brownfield/no_verification/runs/5/app/pglite-data,,False
kanban-labels-brownfield/no_verification/runs/6/app,OK-SHALLOW,server/index.js,/sessions/quirky-inspiring-hypatia/mnt/eval-coding-agent-runs/runs/batch-20260613/kanban-labels-brownfield/no_verification/runs/6/app/pglite-data,,False
kanban-labels-brownfield/no_verification/runs/7/app,OK-SHALLOW,server/index.js,/sessions/quirky-inspiring-hypatia/mnt/eval-coding-agent-runs/runs/batch-20260613/kanban-labels-brownfield/no_verification/runs/7/app/pglite-data,,False
kanban-labels-brownfield/no_verification/runs/8/app,OK-SHALLOW,server/index.js,/sessions/quirky-inspiring-hypatia/mnt/eval-coding-agent-runs/runs/batch-20260613/kanban-labels-brownfield/no_verification/runs/8/app/pglite-data,,False
kanban-labels-brownfield/no_verification/runs/9/app,OK-SHALLOW,server/index.js,/sessions/quirky-inspiring-hypatia/mnt/eval-coding-agent-runs/runs/batch-20260613/kanban-labels-brownfield/no_verification/runs/9/app/pglite-data,,False
kanban-labels-brownfield/no_verification/runs/10/app,OK-SHALLOW,server/index.js,/sessions/quirky-inspiring-hypatia/mnt/eval-coding-agent-runs/runs/batch-20260613/kanban-labels-brownfield/no_verification/runs/10/app/pglite-data,,False
kanban-labels-brownfield/no_verification/runs/11/app,OK-SHALLOW,server/index.js,/sessions/quirky-inspiring-hypatia/mnt/eval-coding-agent-runs/runs/batch-20260613/kanban-labels-brownfield/no_verification/runs/11/app/pglite-data,,False
kanban-labels-brownfield/no_verification/runs/12/app,OK-SHALLOW,server/index.js,/sessions/quirky-inspiring-hypatia/mnt/eval-coding-agent-runs/runs/batch-20260613/kanban-labels-brownfield/no_verification/runs/12/app/pglite-data,,False
kanban-labels-brownfield/no_verification/runs/13/app,OK-SHALLOW,server/index.js,/sessions/quirky-inspiring-hypatia/mnt/eval-coding-agent-runs/runs/batch-20260613/kanban-labels-brownfield/no_verification/runs/13/app/pglite-data,,False
kanban-labels-brownfield/no_verification/runs/14/app,OK-SHALLOW,server/index.js,/sessions/quirky-inspiring-hypatia/mnt/eval-coding-agent-runs/runs/batch-20260613/kanban-labels-brownfield/no_verification/runs/14/app/pglite-data,,False
kanban-labels-brownfield/no_verification/runs/15/app,OK-SHALLOW,server/index.js,/sessions/quirky-inspiring-hypatia/mnt/eval-coding-agent-runs/runs/batch-20260613/kanban-labels-brownfield/no_verification/runs/15/app/pglite-data,,False
kanban-labels-brownfield/no_verification/runs/16/app,OK-SHALLOW,server/index.js,/sessions/quirky-inspiring-hypatia/mnt/eval-coding-agent-runs/runs/batch-20260613/kanban-labels-brownfield/no_verification/runs/16/app/pglite-data,,False
kanban-labels-brownfield/no_verification/runs/17/app,OK-SHALLOW,server/index.js,/sessions/quirky-inspiring-hypatia/mnt/eval-coding-agent-runs/runs/batch-20260613/kanban-labels-brownfield/no_verification/runs/17/app/pglite-data,,False
kanban-labels-brownfield/no_verification/runs/18/app,OK-SHALLOW,server/index.js,/sessions/quirky-inspiring-hypatia/mnt/eval-coding-agent-runs/runs/batch-20260613/kanban-labels-brownfield/no_verification/runs/18/app/pglite-data,,False
kanban-labels-brownfield/no_verification/runs/19/app,OK-SHALLOW,server/index.js,/sessions/quirky-inspiring-hypatia/mnt/eval-coding-agent-runs/runs/batch-20260613/kanban-labels-brownfield/no_verification/runs/19/app/pglite-data,,False
kanban-labels-brownfield/no_verification/runs/20/app,OK-SHALLOW,server/index.js,/sessions/quirky-inspiring-hypatia/mnt/eval-coding-agent-runs/runs/batch-20260613/kanban-labels-brownfield/no_verification/runs/20/app/pglite-data,,False
kanban-labels-brownfield/no_verification/runs/21/app,OK-SHALLOW,server/index.js,/sessions/quirky-inspiring-hypatia/mnt/eval-coding-agent-runs/runs/batch-20260613/kanban-labels-brownfield/no_verification/runs/21/app/pglite-data,,False
kanban-labels-brownfield/no_verification/runs/22/app,OK-SHALLOW,server/index.js,/sessions/quirky-inspiring-hypatia/mnt/eval-coding-agent-runs/runs/batch-20260613/kanban-labels-brownfield/no_verification/runs/22/app/pglite-data,,False
kanban-labels-brownfield/no_verification/runs/23/app,OK-SHALLOW,server/index.js,/sessions/quirky-inspiring-hypatia/mnt/eval-coding-agent-runs/runs/batch-20260613/kanban-labels-brownfield/no_verification/runs/23/app/pglite-data,,False
kanban-labels-brownfield/no_verification/runs/24/app,OK-SHALLOW,server/index.js,/sessions/quirky-inspiring-hypatia/mnt/eval-coding-agent-runs/runs/batch-20260613/kanban-labels-brownfield/no_verification/runs/24/app/pglite-data,,False
kanban-labels-brownfield/no_verification/runs/25/app,OK-SHALLOW,server/index.js,/sessions/quirky-inspiring-hypatia/mnt/eval-coding-agent-runs/runs/batch-20260613/kanban-labels-brownfield/no_verification/runs/25/app/pglite-data,,False
kanban-labels-brownfield/no_verification/runs/26/app,OK-SHALLOW,server/index.js,/sessions/quirky-inspiring-hypatia/mnt/eval-coding-agent-runs/runs/batch-20260613/kanban-labels-brownfield/no_verification/runs/26/app/pglite-data,,False
kanban-labels-brownfield/no_verification/runs/27/app,OK-SHALLOW,server/index.js,/sessions/quirky-inspiring-hypatia/mnt/eval-coding-agent-runs/runs/batch-20260613/kanban-labels-brownfield/no_verification/runs/27/app/pglite-data,,False
kanban-labels-brownfield/no_verification/runs/28/app,OK-SHALLOW,server/index.js,/sessions/quirky-inspiring-hypatia/mnt/eval-coding-agent-runs/runs/batch-20260613/kanban-labels-brownfield/no_verification/runs/28/app/pglite-data,,False
kanban-labels-brownfield/no_verification/runs/29/app,OK-SHALLOW,server/index.js,/sessions/quirky-inspiring-hypatia/mnt/eval-coding-agent-runs/runs/batch-20260613/kanban-labels-brownfield/no_verification/runs/29/app/pglite-data,,False
kanban-labels-brownfield/no_verification/runs/30/app,OK-SHALLOW,server/index.js,/sessions/quirky-inspiring-hypatia/mnt/eval-coding-agent-runs/runs/batch-20260613/kanban-labels-brownfield/no_verification/runs/30/app/pglite-data,,False
kanban-labels-brownfield/static/runs/1/app,OK-SHALLOW,server/index.js,/sessions/quirky-inspiring-hypatia/mnt/eval-coding-agent-runs/runs/batch-20260613/kanban-labels-brownfield/static/runs/1/app/pglite-data,,False
kanban-labels-brownfield/static/runs/2/app,OK-SHALLOW,server/index.js,/sessions/quirky-inspiring-hypatia/mnt/eval-coding-agent-runs/runs/batch-20260613/kanban-labels-brownfield/static/runs/2/app/pglite-data,,False
kanban-labels-brownfield/static/runs/3/app,OK-SHALLOW,server/index.js,/sessions/quirky-inspiring-hypatia/mnt/eval-coding-agent-runs/runs/batch-20260613/kanban-labels-brownfield/static/runs/3/app/pglite-data,,False
kanban-labels-brownfield/static/runs/4/app,OK-SHALLOW,server/index.js,/sessions/quirky-inspiring-hypatia/mnt/eval-coding-agent-runs/runs/batch-20260613/kanban-labels-brownfield/static/runs/4/app/pglite-data,,False
kanban-labels-brownfield/static/runs/5/app,OK-SHALLOW,server/index.js,/sessions/quirky-inspiring-hypatia/mnt/eval-coding-agent-runs/runs/batch-20260613/kanban-labels-brownfield/static/runs/5/app/pglite-data,,False
kanban-labels-brownfield/static/runs/6/app,OK-SHALLOW,server/index.js,/sessions/quirky-inspiring-hypatia/mnt/eval-coding-agent-runs/runs/batch-20260613/kanban-labels-brownfield/static/runs/6/app/pglite-data,,False
kanban-labels-brownfield/static/runs/7/app,OK-SHALLOW,server/index.js,/sessions/quirky-inspiring-hypatia/mnt/eval-coding-agent-runs/runs/batch-20260613/kanban-labels-brownfield/static/runs/7/app/pglite-data,,False
kanban-labels-brownfield/static/runs/8/app,OK-SHALLOW,server/index.js,/sessions/quirky-inspiring-hypatia/mnt/eval-coding-agent-runs/runs/batch-20260613/kanban-labels-brownfield/static/runs/8/app/pglite-data,,False
kanban-labels-brownfield/static/runs/9/app,OK-SHALLOW,server/index.js,/sessions/quirky-inspiring-hypatia/mnt/eval-coding-agent-runs/runs/batch-20260613/kanban-labels-brownfield/static/runs/9/app/pglite-data,,False
kanban-labels-brownfield/static/runs/10/app,OK-SHALLOW,server/index.js,/sessions/quirky-inspiring-hypatia/mnt/eval-coding-agent-runs/runs/batch-20260613/kanban-labels-brownfield/static/runs/10/app/pglite-data,,False
kanban-labels-brownfield/static/runs/11/app,OK-SHALLOW,server/index.js,/sessions/quirky-inspiring-hypatia/mnt/eval-coding-agent-runs/runs/batch-20260613/kanban-labels-brownfield/static/runs/11/app/pglite-data,,False
kanban-labels-brownfield/static/runs/12/app,OK-SHALLOW,server/index.js,/sessions/quirky-inspiring-hypatia/mnt/eval-coding-agent-runs/runs/batch-20260613/kanban-labels-brownfield/static/runs/12/app/pglite-data,,False
kanban-labels-brownfield/static/runs/13/app,OK-SHALLOW,server/index.js,/sessions/quirky-inspiring-hypatia/mnt/eval-coding-agent-runs/runs/batch-20260613/kanban-labels-brownfield/static/runs/13/app/pglite-data,,False
kanban-labels-brownfield/static/runs/14/app,OK-SHALLOW,server/index.js,/sessions/quirky-inspiring-hypatia/mnt/eval-coding-agent-runs/runs/batch-20260613/kanban-labels-brownfield/static/runs/14/app/pglite-data,,False
kanban-labels-brownfield/static/runs/15/app,OK-SHALLOW,server/index.js,/sessions/quirky-inspiring-hypatia/mnt/eval-coding-agent-runs/runs/batch-20260613/kanban-labels-brownfield/static/runs/15/app/pglite-data,,False
kanban-labels-brownfield/static/runs/16/app,OK-SHALLOW,server/index.js,/sessions/quirky-inspiring-hypatia/mnt/eval-coding-agent-runs/runs/batch-20260613/kanban-labels-brownfield/static/runs/16/app/pglite-data,,False
kanban-labels-brownfield/static/runs/17/app,OK-SHALLOW,server/index.js,/sessions/quirky-inspiring-hypatia/mnt/eval-coding-agent-runs/runs/batch-20260613/kanban-labels-brownfield/static/runs/17/app/pglite-data,,False
kanban-labels-brownfield/static/runs/18/app,OK-SHALLOW,server/index.js,/sessions/quirky-inspiring-hypatia/mnt/eval-coding-agent-runs/runs/batch-20260613/kanban-labels-brownfield/static/runs/18/app/pglite-data,,False
kanban-labels-brownfield/static/runs/19/app,LATENT,server_part1.js,/sessions/quirky-inspiring-hypatia/mnt/eval-coding-agent-runs/runs/batch-20260613/kanban-labels-brownfield/static/runs/19/pglite-data,/sessions/quirky-inspiring-hypatia/mnt/eval-coding-agent-runs/runs/batch-20260613/kanban-labels-brownfield/static/runs/19,False
kanban-labels-brownfield/static/runs/20/app,LATENT,server_part1.js,/sessions/quirky-inspiring-hypatia/mnt/eval-coding-agent-runs/runs/batch-20260613/kanban-labels-brownfield/static/runs/20/pglite-data,/sessions/quirky-inspiring-hypatia/mnt/eval-coding-agent-runs/runs/batch-20260613/kanban-labels-brownfield/static/runs/20,False
kanban-labels-brownfield/static/runs/21/app,OK-SHALLOW,server/index.js,/sessions/quirky-inspiring-hypatia/mnt/eval-coding-agent-runs/runs/batch-20260613/kanban-labels-brownfield/static/runs/21/app/pglite-data,,False
kanban-labels-brownfield/static/runs/22/app,OK-SHALLOW,server/index.js,/sessions/quirky-inspiring-hypatia/mnt/eval-coding-agent-runs/runs/batch-20260613/kanban-labels-brownfield/static/runs/22/app/pglite-data,,False
kanban-labels-brownfield/static/runs/23/app,OK-SHALLOW,server/index.js,/sessions/quirky-inspiring-hypatia/mnt/eval-coding-agent-runs/runs/batch-20260613/kanban-labels-brownfield/static/runs/23/app/pglite-data,,False
kanban-labels-brownfield/static/runs/24/app,OK-SHALLOW,server/index.js,/sessions/quirky-inspiring-hypatia/mnt/eval-coding-agent-runs/runs/batch-20260613/kanban-labels-brownfield/static/runs/24/app/pglite-data,,False
kanban-labels-brownfield/static/runs/25/app,OK-SHALLOW,server/index.js,/sessions/quirky-inspiring-hypatia/mnt/eval-coding-agent-runs/runs/batch-20260613/kanban-labels-brownfield/static/runs/25/app/pglite-data,,False
kanban-labels-brownfield/static/runs/26/app,OK-SHALLOW,server/index.js,/sessions/quirky-inspiring-hypatia/mnt/eval-coding-agent-runs/runs/batch-20260613/kanban-labels-brownfield/static/runs/26/app/pglite-data,,False
kanban-labels-brownfield/static/runs/27/app,OK-SHALLOW,server/index.js,/sessions/quirky-inspiring-hypatia/mnt/eval-coding-agent-runs/runs/batch-20260613/kanban-labels-brownfield/static/runs/27/app/pglite-data,,False
kanban-labels-brownfield/static/runs/28/app,OK-SHALLOW,server/index.js,/sessions/quirky-inspiring-hypatia/mnt/eval-coding-agent-runs/runs/batch-20260613/kanban-labels-brownfield/static/runs/28/app/pglite-data,,False
kanban-labels-brownfield/static/runs/29/app,OK-SHALLOW,server/index.js,/sessions/quirky-inspiring-hypatia/mnt/eval-coding-agent-runs/runs/batch-20260613/kanban-labels-brownfield/static/runs/29/app/pglite-data,,False
kanban-labels-brownfield/static/runs/30/app,OK-SHALLOW,server/index.js,/sessions/quirky-inspiring-hypatia/mnt/eval-coding-agent-runs/runs/batch-20260613/kanban-labels-brownfield/static/runs/30/app/pglite-data,,False
kanban-labels-brownfield/visual/runs/1/app,OK-SHALLOW,server/index.js,/sessions/quirky-inspiring-hypatia/mnt/eval-coding-agent-runs/runs/batch-20260613/kanban-labels-brownfield/visual/runs/1/app/pglite-data,,False
kanban-labels-brownfield/visual/runs/2/app,OK-SHALLOW,server/index.js,/sessions/quirky-inspiring-hypatia/mnt/eval-coding-agent-runs/runs/batch-20260613/kanban-labels-brownfield/visual/runs/2/app/pglite-data,,False
kanban-labels-brownfield/visual/runs/3/app,OK-SHALLOW,server/index.js,/sessions/quirky-inspiring-hypatia/mnt/eval-coding-agent-runs/runs/batch-20260613/kanban-labels-brownfield/visual/runs/3/app/pglite-data,,False
kanban-labels-brownfield/visual/runs/4/app,OK-SHALLOW,server/index.js,/sessions/quirky-inspiring-hypatia/mnt/eval-coding-agent-runs/runs/batch-20260613/kanban-labels-brownfield/visual/runs/4/app/pglite-data,,False
kanban-labels-brownfield/visual/runs/6/app,OK-SHALLOW,server/index.js,/sessions/quirky-inspiring-hypatia/mnt/eval-coding-agent-runs/runs/batch-20260613/kanban-labels-brownfield/visual/runs/6/app/pglite-data,,False
kanban-labels-brownfield/visual/runs/7/app,OK-SHALLOW,server/index.js,/sessions/quirky-inspiring-hypatia/mnt/eval-coding-agent-runs/runs/batch-20260613/kanban-labels-brownfield/visual/runs/7/app/pglite-data,,False
kanban-labels-brownfield/visual/runs/8/app,OK-SHALLOW,server/index.js,/sessions/quirky-inspiring-hypatia/mnt/eval-coding-agent-runs/runs/batch-20260613/kanban-labels-brownfield/visual/runs/8/app/pglite-data,,False
kanban-labels-brownfield/visual/runs/9/app,OK-SHALLOW,server/index.js,/sessions/quirky-inspiring-hypatia/mnt/eval-coding-agent-runs/runs/batch-20260613/kanban-labels-brownfield/visual/runs/9/app/pglite-data,,False
kanban-labels-brownfield/visual/runs/11/app,OK-SHALLOW,server/index.js,/sessions/quirky-inspiring-hypatia/mnt/eval-coding-agent-runs/runs/batch-20260613/kanban-labels-brownfield/visual/runs/11/app/pglite-data,,False
kanban-labels-brownfield/visual/runs/12/app,OK-SHALLOW,server/index.js,/sessions/quirky-inspiring-hypatia/mnt/eval-coding-agent-runs/runs/batch-20260613/kanban-labels-brownfield/visual/runs/12/app/pglite-data,,False
kanban-labels-brownfield/visual/runs/13/app,OK-SHALLOW,server/index.js,/sessions/quirky-inspiring-hypatia/mnt/eval-coding-agent-runs/runs/batch-20260613/kanban-labels-brownfield/visual/runs/13/app/pglite-data,,False
kanban-labels-brownfield/visual/runs/14/app,OK-SHALLOW,server/index.js,/sessions/quirky-inspiring-hypatia/mnt/eval-coding-agent-runs/runs/batch-20260613/kanban-labels-brownfield/visual/runs/14/app/pglite-data,,False
kanban-labels-brownfield/visual/runs/16/app,OK-SHALLOW,server/index.js,/sessions/quirky-inspiring-hypatia/mnt/eval-coding-agent-runs/runs/batch-20260613/kanban-labels-brownfield/visual/runs/16/app/pglite-data,,False
kanban-labels-brownfield/visual/runs/17/app,OK-SHALLOW,server/index.js,/sessions/quirky-inspiring-hypatia/mnt/eval-coding-agent-runs/runs/batch-20260613/kanban-labels-brownfield/visual/runs/17/app/pglite-data,,False
kanban-labels-brownfield/visual/runs/18/app,LATENT,restore.js,/sessions/quirky-inspiring-hypatia/mnt/eval-coding-agent-runs/runs/batch-20260613/kanban-labels-brownfield/visual/runs/18/pglite-data,/sessions/quirky-inspiring-hypatia/mnt/eval-coding-agent-runs/runs/batch-20260613/kanban-labels-brownfield/visual/runs/18,False
kanban-labels-brownfield/visual/runs/19/app,OK-SHALLOW,server/index.js,/sessions/quirky-inspiring-hypatia/mnt/eval-coding-agent-runs/runs/batch-20260613/kanban-labels-brownfield/visual/runs/19/app/pglite-data,,False
kanban-labels-brownfield/visual/runs/21/app,OK-SHALLOW,server/index.js,/sessions/quirky-inspiring-hypatia/mnt/eval-coding-agent-runs/runs/batch-20260613/kanban-labels-brownfield/visual/runs/21/app/pglite-data,,False
kanban-labels-brownfield/visual/runs/22/app,OK-SHALLOW,server/index.js,/sessions/quirky-inspiring-hypatia/mnt/eval-coding-agent-runs/runs/batch-20260613/kanban-labels-brownfield/visual/runs/22/app/pglite-data,,False
kanban-labels-brownfield/visual/runs/23/app,OK-SHALLOW,server/index.js,/sessions/quirky-inspiring-hypatia/mnt/eval-coding-agent-runs/runs/batch-20260613/kanban-labels-brownfield/visual/runs/23/app/pglite-data,,False
kanban-labels-brownfield/visual/runs/24/app,OK-SHALLOW,server/index.js,/sessions/quirky-inspiring-hypatia/mnt/eval-coding-agent-runs/runs/batch-20260613/kanban-labels-brownfield/visual/runs/24/app/pglite-data,,False
kanban-labels-brownfield/visual/runs/26/app,OK-SHALLOW,server/index.js,/sessions/quirky-inspiring-hypatia/mnt/eval-coding-agent-runs/runs/batch-20260613/kanban-labels-brownfield/visual/runs/26/app/pglite-data,,False
kanban-labels-brownfield/visual/runs/27/app,OK-SHALLOW,server/index.js,/sessions/quirky-inspiring-hypatia/mnt/eval-coding-agent-runs/runs/batch-20260613/kanban-labels-brownfield/visual/runs/27/app/pglite-data,,False
kanban-labels-brownfield/visual/runs/28/app,OK-SHALLOW,server/index.js,/sessions/quirky-inspiring-hypatia/mnt/eval-coding-agent-runs/runs/batch-20260613/kanban-labels-brownfield/visual/runs/28/app/pglite-data,,False
kanban-labels-brownfield/visual/runs/29/app,OK-SHALLOW,server/index.js,/sessions/quirky-inspiring-hypatia/mnt/eval-coding-agent-runs/runs/batch-20260613/kanban-labels-brownfield/visual/runs/29/app/pglite-data,,False
log-explorer-perf/boot_check/runs/1/app,LATENT,server/index.js,/sessions/quirky-inspiring-hypatia/mnt/eval-coding-agent-runs/runs/batch-20260613/log-explorer-perf/boot_check/runs/1/app/data/logs.db,/sessions/quirky-inspiring-hypatia/mnt/eval-coding-agent-runs/runs/batch-20260613/log-explorer-perf/boot_check/runs/1/app/data,False
log-explorer-perf/boot_check/runs/2/app,LATENT,server/db.js,/sessions/quirky-inspiring-hypatia/mnt/eval-coding-agent-runs/runs/batch-20260613/log-explorer-perf/boot_check/runs/2/app/data/pglite,/sessions/quirky-inspiring-hypatia/mnt/eval-coding-agent-runs/runs/batch-20260613/log-explorer-perf/boot_check/runs/2/app/data,False
log-explorer-perf/boot_check/runs/3/app,OK-MKDIR,server/db.js,/sessions/quirky-inspiring-hypatia/mnt/eval-coding-agent-runs/runs/batch-20260613/log-explorer-perf/boot_check/runs/3/app/data/pglite,,True
log-explorer-perf/boot_check/runs/4/app,LATENT,server/db.js,/sessions/quirky-inspiring-hypatia/mnt/eval-coding-agent-runs/runs/batch-20260613/log-explorer-perf/boot_check/runs/4/app/data/pglite,/sessions/quirky-inspiring-hypatia/mnt/eval-coding-agent-runs/runs/batch-20260613/log-explorer-perf/boot_check/runs/4/app/data,False
log-explorer-perf/boot_check/runs/5/app,LATENT,server/index.js,/sessions/quirky-inspiring-hypatia/mnt/eval-coding-agent-runs/runs/batch-20260613/log-explorer-perf/boot_check/runs/5/app/data/logs.db,/sessions/quirky-inspiring-hypatia/mnt/eval-coding-agent-runs/runs/batch-20260613/log-explorer-perf/boot_check/runs/5/app/data,False
log-explorer-perf/boot_check/runs/6/app,OK-MKDIR,server/index.js,/sessions/quirky-inspiring-hypatia/mnt/eval-coding-agent-runs/runs/batch-20260613/log-explorer-perf/boot_check/runs/6/app/pglite-data,,True
log-explorer-perf/boot_check/runs/7/app,OK-MKDIR,server/index.js,/sessions/quirky-inspiring-hypatia/mnt/eval-coding-agent-runs/runs/batch-20260613/log-explorer-perf/boot_check/runs/7/app/pglite-data,,True
log-explorer-perf/boot_check/runs/8/app,OK-MKDIR,server/index.js,/sessions/quirky-inspiring-hypatia/mnt/eval-coding-agent-runs/runs/batch-20260613/log-explorer-perf/boot_check/runs/8/app/data/pglite,,True
log-explorer-perf/boot_check/runs/9/app,OK-MKDIR,server/index.js,/sessions/quirky-inspiring-hypatia/mnt/eval-coding-agent-runs/runs/batch-20260613/log-explorer-perf/boot_check/runs/9/app/pglite-data,,True
log-explorer-perf/boot_check/runs/10/app,OK-MKDIR,server/index.js,/sessions/quirky-inspiring-hypatia/mnt/eval-coding-agent-runs/runs/batch-20260613/log-explorer-perf/boot_check/runs/10/app/data/pglite,,True
log-explorer-perf/boot_check/runs/11/app,OK-SHALLOW,server/db.js,/sessions/quirky-inspiring-hypatia/mnt/eval-coding-agent-runs/runs/batch-20260613/log-explorer-perf/boot_check/runs/11/app/pgdata,,False
log-explorer-perf/boot_check/runs/12/app,OK-SHALLOW,server/db.js,/sessions/quirky-inspiring-hypatia/mnt/eval-coding-agent-runs/runs/batch-20260613/log-explorer-perf/boot_check/runs/12/app/.pgdata,,False
log-explorer-perf/boot_check/runs/13/app,OK-SHALLOW,server/db.js,/sessions/quirky-inspiring-hypatia/mnt/eval-coding-agent-runs/runs/batch-20260613/log-explorer-perf/boot_check/runs/13/app/pgdata,,False
log-explorer-perf/boot_check/runs/14/app,OK-SHALLOW,backend/db.js,/sessions/quirky-inspiring-hypatia/mnt/eval-coding-agent-runs/runs/batch-20260613/log-explorer-perf/boot_check/runs/14/app/pgdata,,False
log-explorer-perf/boot_check/runs/15/app,OK-MKDIR,backend/src/db.js,/sessions/quirky-inspiring-hypatia/mnt/eval-coding-agent-runs/runs/batch-20260613/log-explorer-perf/boot_check/runs/15/app/backend/data/pgdata,,True
log-explorer-perf/boot_check/runs/16/app,OK-SHALLOW,backend/server.js,/sessions/quirky-inspiring-hypatia/mnt/eval-coding-agent-runs/runs/batch-20260613/log-explorer-perf/boot_check/runs/16/app/backend/pglite-data,,False
log-explorer-perf/boot_check/runs/17/app,OK-SHALLOW,test.js,/sessions/quirky-inspiring-hypatia/mnt/eval-coding-agent-runs/runs/batch-20260613/log-explorer-perf/boot_check/runs/17/app/.pglite,,False
log-explorer-perf/boot_check/runs/18/app,OK-SHALLOW,test-perf.js,/sessions/quirky-inspiring-hypatia/mnt/eval-coding-agent-runs/runs/batch-20260613/log-explorer-perf/boot_check/runs/18/app/pglite-data,,False
log-explorer-perf/boot_check/runs/19/app,LATENT,test-perf.js,/sessions/quirky-inspiring-hypatia/mnt/eval-coding-agent-runs/runs/batch-20260613/log-explorer-perf/boot_check/runs/19/app/backend/pglite-data,/sessions/quirky-inspiring-hypatia/mnt/eval-coding-agent-runs/runs/batch-20260613/log-explorer-perf/boot_check/runs/19/app/backend,False
log-explorer-perf/boot_check/runs/20/app,OK-SHALLOW,server/index.js,/sessions/quirky-inspiring-hypatia/mnt/eval-coding-agent-runs/runs/batch-20260613/log-explorer-perf/boot_check/runs/20/app/pglite-data,,False
log-explorer-perf/boot_check/runs/21/app,OK-SHALLOW,server/db.js,/sessions/quirky-inspiring-hypatia/mnt/eval-coding-agent-runs/runs/batch-20260613/log-explorer-perf/boot_check/runs/21/app/pgdata,,False
log-explorer-perf/boot_check/runs/22/app,OK-SHALLOW,server/index.js,/sessions/quirky-inspiring-hypatia/mnt/eval-coding-agent-runs/runs/batch-20260613/log-explorer-perf/boot_check/runs/22/app/server/pgdata,,False
log-explorer-perf/boot_check/runs/23/app,OK-SHALLOW,server/db.js,/sessions/quirky-inspiring-hypatia/mnt/eval-coding-agent-runs/runs/batch-20260613/log-explorer-perf/boot_check/runs/23/app/pgdata,,False
log-explorer-perf/boot_check/runs/24/app,OK-SHALLOW,server/db.js,/sessions/quirky-inspiring-hypatia/mnt/eval-coding-agent-runs/runs/batch-20260613/log-explorer-perf/boot_check/runs/24/app/pgdata,,False
log-explorer-perf/boot_check/runs/25/app,OK-SHALLOW,server/db.js,/sessions/quirky-inspiring-hypatia/mnt/eval-coding-agent-runs/runs/batch-20260613/log-explorer-perf/boot_check/runs/25/app/pgdata,,False
log-explorer-perf/boot_check/runs/26/app,OK-SHALLOW,server/index.js,/sessions/quirky-inspiring-hypatia/mnt/eval-coding-agent-runs/runs/batch-20260613/log-explorer-perf/boot_check/runs/26/app/.pglite,,False
log-explorer-perf/boot_check/runs/27/app,OK-SHALLOW,server/index.js,/sessions/quirky-inspiring-hypatia/mnt/eval-coding-agent-runs/runs/batch-20260613/log-explorer-perf/boot_check/runs/27/app/pgdata,,False
log-explorer-perf/boot_check/runs/28/app,OK-MKDIR,server/index.js,/sessions/quirky-inspiring-hypatia/mnt/eval-coding-agent-runs/runs/batch-20260613/log-explorer-perf/boot_check/runs/28/app/server/.pglite,,True
log-explorer-perf/boot_check/runs/29/app,OK-SHALLOW,server/index.js,/sessions/quirky-inspiring-hypatia/mnt/eval-coding-agent-runs/runs/batch-20260613/log-explorer-perf/boot_check/runs/29/app/server/logs.db,,False
log-explorer-perf/boot_check/runs/30/app,OK-SHALLOW,server/index.js,/sessions/quirky-inspiring-hypatia/mnt/eval-coding-agent-runs/runs/batch-20260613/log-explorer-perf/boot_check/runs/30/app/.pglite,,False
log-explorer-perf/execution/runs/1/app,OK-MKDIR,backend/bench.js,/sessions/quirky-inspiring-hypatia/mnt/eval-coding-agent-runs/runs/batch-20260613/log-explorer-perf/execution/runs/1/app/backend/data/pglite,,True
log-explorer-perf/execution/runs/2/app,OK-MKDIR,backend/db.js,/sessions/quirky-inspiring-hypatia/mnt/eval-coding-agent-runs/runs/batch-20260613/log-explorer-perf/execution/runs/2/app/backend/data/logs.db,,True
log-explorer-perf/execution/runs/3/app,OK-MKDIR,backend/src/db.js,/sessions/quirky-inspiring-hypatia/mnt/eval-coding-agent-runs/runs/batch-20260613/log-explorer-perf/execution/runs/3/app/data/pglite,,True
log-explorer-perf/execution/runs/4/app,OK-MKDIR,backend/db.js,/sessions/quirky-inspiring-hypatia/mnt/eval-coding-agent-runs/runs/batch-20260613/log-explorer-perf/execution/runs/4/app/backend/data/logs.db,,True
log-explorer-perf/execution/runs/5/app,OK-MKDIR,backend/server.js,/sessions/quirky-inspiring-hypatia/mnt/eval-coding-agent-runs/runs/batch-20260613/log-explorer-perf/execution/runs/5/app/backend/data/pglite,,True
log-explorer-perf/execution/runs/6/app,OK-MKDIR,server/index.js,/sessions/quirky-inspiring-hypatia/mnt/eval-coding-agent-runs/runs/batch-20260613/log-explorer-perf/execution/runs/6/app/pgdata,,True
log-explorer-perf/execution/runs/7/app,OK-MKDIR,server/index.js,/sessions/quirky-inspiring-hypatia/mnt/eval-coding-agent-runs/runs/batch-20260613/log-explorer-perf/execution/runs/7/app/data/pglite,,True
log-explorer-perf/execution/runs/8/app,OK-MKDIR,server/index.js,/sessions/quirky-inspiring-hypatia/mnt/eval-coding-agent-runs/runs/batch-20260613/log-explorer-perf/execution/runs/8/app/pglite-data,,True
log-explorer-perf/execution/runs/9/app,OK-MKDIR,server/src/server.js,/sessions/quirky-inspiring-hypatia/mnt/eval-coding-agent-runs/runs/batch-20260613/log-explorer-perf/execution/runs/9/app/server/pglite-data,,True
log-explorer-perf/execution/runs/10/app,OK-MKDIR,server/index.js,/sessions/quirky-inspiring-hypatia/mnt/eval-coding-agent-runs/runs/batch-20260613/log-explorer-perf/execution/runs/10/app/data/pglite,,True
log-explorer-perf/execution/runs/11/app,OK-MKDIR,server/src/db.js,/sessions/quirky-inspiring-hypatia/mnt/eval-coding-agent-runs/runs/batch-20260613/log-explorer-perf/execution/runs/11/app/server/data/pgdata,,True
log-explorer-perf/execution/runs/12/app,LATENT,server/src/db.js,/sessions/quirky-inspiring-hypatia/mnt/eval-coding-agent-runs/runs/batch-20260613/log-explorer-perf/execution/runs/12/app/server/pgdata,/sessions/quirky-inspiring-hypatia/mnt/eval-coding-agent-runs/runs/batch-20260613/log-explorer-perf/execution/runs/12/app/server,False
log-explorer-perf/execution/runs/13/app,OK-SHALLOW,server/db.js,/sessions/quirky-inspiring-hypatia/mnt/eval-coding-agent-runs/runs/batch-20260613/log-explorer-perf/execution/runs/13/app/.pgdata,,False
log-explorer-perf/execution/runs/14/app,LATENT,backend/src/db.js,/sessions/quirky-inspiring-hypatia/mnt/eval-coding-agent-runs/runs/batch-20260613/log-explorer-perf/execution/runs/14/app/backend/pgdata,/sessions/quirky-inspiring-hypatia/mnt/eval-coding-agent-runs/runs/batch-20260613/log-explorer-perf/execution/runs/14/app/backend,False
log-explorer-perf/execution/runs/15/app,LATENT,server/src/db.js,/sessions/quirky-inspiring-hypatia/mnt/eval-coding-agent-runs/runs/batch-20260613/log-explorer-perf/execution/runs/15/app/server/pgdata,/sessions/quirky-inspiring-hypatia/mnt/eval-coding-agent-runs/runs/batch-20260613/log-explorer-perf/execution/runs/15/app/server,False
log-explorer-perf/execution/runs/16/app,OK-SHALLOW,backend/server.js,/sessions/quirky-inspiring-hypatia/mnt/eval-coding-agent-runs/runs/batch-20260613/log-explorer-perf/execution/runs/16/app/backend/pglite-data,,False
log-explorer-perf/execution/runs/17/app,OK-MEMORY,test-pglite.js,,,False
log-explorer-perf/execution/runs/18/app,OK-SHALLOW,backend/server.js,/sessions/quirky-inspiring-hypatia/mnt/eval-coding-agent-runs/runs/batch-20260613/log-explorer-perf/execution/runs/18/app/backend/pglite-data,,False
log-explorer-perf/execution/runs/19/app,OK-SHALLOW,backend/explain.js,/sessions/quirky-inspiring-hypatia/mnt/eval-coding-agent-runs/runs/batch-20260613/log-explorer-perf/execution/runs/19/app/backend/pglite-data,,False
log-explorer-perf/execution/runs/20/app,OK-SHALLOW,backend/server.js,/sessions/quirky-inspiring-hypatia/mnt/eval-coding-agent-runs/runs/batch-20260613/log-explorer-perf/execution/runs/20/app/backend/pgdata,,False
log-explorer-perf/execution/runs/21/app,LATENT,server/src/db.js,/sessions/quirky-inspiring-hypatia/mnt/eval-coding-agent-runs/runs/batch-20260613/log-explorer-perf/execution/runs/21/app/server/pgdata,/sessions/quirky-inspiring-hypatia/mnt/eval-coding-agent-runs/runs/batch-20260613/log-explorer-perf/execution/runs/21/app/server,False
log-explorer-perf/execution/runs/22/app,OK-SHALLOW,server/db.js,/sessions/quirky-inspiring-hypatia/mnt/eval-coding-agent-runs/runs/batch-20260613/log-explorer-perf/execution/runs/22/app/pgdata,,False
log-explorer-perf/execution/runs/23/app,OK-SHALLOW,server/db.js,/sessions/quirky-inspiring-hypatia/mnt/eval-coding-agent-runs/runs/batch-20260613/log-explorer-perf/execution/runs/23/app/pgdata,,False
log-explorer-perf/execution/runs/24/app,OK-SHALLOW,server/db.js,/sessions/quirky-inspiring-hypatia/mnt/eval-coding-agent-runs/runs/batch-20260613/log-explorer-perf/execution/runs/24/app/pgdata,,False
log-explorer-perf/execution/runs/25/app,OK-SHALLOW,backend/db.js,/sessions/quirky-inspiring-hypatia/mnt/eval-coding-agent-runs/runs/batch-20260613/log-explorer-perf/execution/runs/25/app/pgdata,,False
log-explorer-perf/execution/runs/26/app,OK-SHALLOW,backend/index.js,/sessions/quirky-inspiring-hypatia/mnt/eval-coding-agent-runs/runs/batch-20260613/log-explorer-perf/execution/runs/26/app/.pglite-data,,False
log-explorer-perf/execution/runs/27/app,OK-SHALLOW,backend/index.js,/sessions/quirky-inspiring-hypatia/mnt/eval-coding-agent-runs/runs/batch-20260613/log-explorer-perf/execution/runs/27/app/.pglite,,False
log-explorer-perf/execution/runs/28/app,OK-SHALLOW,backend/server.js,/sessions/quirky-inspiring-hypatia/mnt/eval-coding-agent-runs/runs/batch-20260613/log-explorer-perf/execution/runs/28/app/pglite-data,,False
log-explorer-perf/execution/runs/29/app,OK-SHALLOW,server/server.js,/sessions/quirky-inspiring-hypatia/mnt/eval-coding-agent-runs/runs/batch-20260613/log-explorer-perf/execution/runs/29/app/.pglite,,False
log-explorer-perf/execution/runs/30/app,OK-SHALLOW,server/index.js,/sessions/quirky-inspiring-hypatia/mnt/eval-coding-agent-runs/runs/batch-20260613/log-explorer-perf/execution/runs/30/app/pgdata,,False
log-explorer-perf/no_verification/runs/1/app,LATENT,server/src/db.js,/sessions/quirky-inspiring-hypatia/mnt/eval-coding-agent-runs/runs/batch-20260613/log-explorer-perf/no_verification/runs/1/app/data/pglite,/sessions/quirky-inspiring-hypatia/mnt/eval-coding-agent-runs/runs/batch-20260613/log-explorer-perf/no_verification/runs/1/app/data,False
log-explorer-perf/no_verification/runs/2/app,LATENT,server/src/db.js,/sessions/quirky-inspiring-hypatia/mnt/eval-coding-agent-runs/runs/batch-20260613/log-explorer-perf/no_verification/runs/2/app/data/pglite,/sessions/quirky-inspiring-hypatia/mnt/eval-coding-agent-runs/runs/batch-20260613/log-explorer-perf/no_verification/runs/2/app/data,False
log-explorer-perf/no_verification/runs/3/app,LATENT,server/db.js,/sessions/quirky-inspiring-hypatia/mnt/eval-coding-agent-runs/runs/batch-20260613/log-explorer-perf/no_verification/runs/3/app/data/pglite,/sessions/quirky-inspiring-hypatia/mnt/eval-coding-agent-runs/runs/batch-20260613/log-explorer-perf/no_verification/runs/3/app/data,False
log-explorer-perf/no_verification/runs/4/app,LATENT,server/src/db.js,/sessions/quirky-inspiring-hypatia/mnt/eval-coding-agent-runs/runs/batch-20260613/log-explorer-perf/no_verification/runs/4/app/data/pglite,/sessions/quirky-inspiring-hypatia/mnt/eval-coding-agent-runs/runs/batch-20260613/log-explorer-perf/no_verification/runs/4/app/data,False
log-explorer-perf/no_verification/runs/5/app,LATENT,server/src/db.js,/sessions/quirky-inspiring-hypatia/mnt/eval-coding-agent-runs/runs/batch-20260613/log-explorer-perf/no_verification/runs/5/app/data/pglite,/sessions/quirky-inspiring-hypatia/mnt/eval-coding-agent-runs/runs/batch-20260613/log-explorer-perf/no_verification/runs/5/app/data,False
log-explorer-perf/no_verification/runs/6/app,OK-MKDIR,server/index.js,/sessions/quirky-inspiring-hypatia/mnt/eval-coding-agent-runs/runs/batch-20260613/log-explorer-perf/no_verification/runs/6/app/.pgdata,,True
log-explorer-perf/no_verification/runs/7/app,OK-MKDIR,server/index.js,/sessions/quirky-inspiring-hypatia/mnt/eval-coding-agent-runs/runs/batch-20260613/log-explorer-perf/no_verification/runs/7/app/.pglite-data,,True
log-explorer-perf/no_verification/runs/8/app,OK-MKDIR,server/index.js,/sessions/quirky-inspiring-hypatia/mnt/eval-coding-agent-runs/runs/batch-20260613/log-explorer-perf/no_verification/runs/8/app/data/pglite,,True
log-explorer-perf/no_verification/runs/9/app,OK-MKDIR,server/src/server.js,/sessions/quirky-inspiring-hypatia/mnt/eval-coding-agent-runs/runs/batch-20260613/log-explorer-perf/no_verification/runs/9/app/server/data/pglite,,True
log-explorer-perf/no_verification/runs/10/app,OK-SHALLOW,server/index.js,/sessions/quirky-inspiring-hypatia/mnt/eval-coding-agent-runs/runs/batch-20260613/log-explorer-perf/no_verification/runs/10/app/.pglite,,False
log-explorer-perf/no_verification/runs/11/app,LATENT,server/src/db.js,/sessions/quirky-inspiring-hypatia/mnt/eval-coding-agent-runs/runs/batch-20260613/log-explorer-perf/no_verification/runs/11/app/server/pgdata,/sessions/quirky-inspiring-hypatia/mnt/eval-coding-agent-runs/runs/batch-20260613/log-explorer-perf/no_verification/runs/11/app/server,False
log-explorer-perf/no_verification/runs/12/app,LATENT,server/src/db.js,/sessions/quirky-inspiring-hypatia/mnt/eval-coding-agent-runs/runs/batch-20260613/log-explorer-perf/no_verification/runs/12/app/server/pgdata,/sessions/quirky-inspiring-hypatia/mnt/eval-coding-agent-runs/runs/batch-20260613/log-explorer-perf/no_verification/runs/12/app/server,False
log-explorer-perf/no_verification/runs/13/app,OK-MKDIR,backend/src/db.js,/sessions/quirky-inspiring-hypatia/mnt/eval-coding-agent-runs/runs/batch-20260613/log-explorer-perf/no_verification/runs/13/app/backend/data/pgdata,,True
log-explorer-perf/no_verification/runs/14/app,OK-MKDIR,server/src/db.js,/sessions/quirky-inspiring-hypatia/mnt/eval-coding-agent-runs/runs/batch-20260613/log-explorer-perf/no_verification/runs/14/app/server/pgdata,,True
log-explorer-perf/no_verification/runs/15/app,NO-PGLITE,,,,False
log-explorer-perf/no_verification/runs/16/app,OK-SHALLOW,backend/server.js,/sessions/quirky-inspiring-hypatia/mnt/eval-coding-agent-runs/runs/batch-20260613/log-explorer-perf/no_verification/runs/16/app/backend/pglite-data,,False
log-explorer-perf/no_verification/runs/17/app,OK-SHALLOW,backend/server.js,/sessions/quirky-inspiring-hypatia/mnt/eval-coding-agent-runs/runs/batch-20260613/log-explorer-perf/no_verification/runs/17/app/backend/pgdata,,False
log-explorer-perf/no_verification/runs/18/app,OK-SHALLOW,server.js,/sessions/quirky-inspiring-hypatia/mnt/eval-coding-agent-runs/runs/batch-20260613/log-explorer-perf/no_verification/runs/18/app/pglite-data,,False
log-explorer-perf/no_verification/runs/19/app,OK-SHALLOW,backend/db.js,/sessions/quirky-inspiring-hypatia/mnt/eval-coding-agent-runs/runs/batch-20260613/log-explorer-perf/no_verification/runs/19/app/pglite-data,,False
log-explorer-perf/no_verification/runs/20/app,OK-SHALLOW,backend/index.js,/sessions/quirky-inspiring-hypatia/mnt/eval-coding-agent-runs/runs/batch-20260613/log-explorer-perf/no_verification/runs/20/app/backend/pglite-data,,False
log-explorer-perf/no_verification/runs/21/app,OK-SHALLOW,backend/db.js,/sessions/quirky-inspiring-hypatia/mnt/eval-coding-agent-runs/runs/batch-20260613/log-explorer-perf/no_verification/runs/21/app/backend/pgdata,,False
log-explorer-perf/no_verification/runs/22/app,LATENT,server/src/db.js,/sessions/quirky-inspiring-hypatia/mnt/eval-coding-agent-runs/runs/batch-20260613/log-explorer-perf/no_verification/runs/22/app/server/data/logdb,/sessions/quirky-inspiring-hypatia/mnt/eval-coding-agent-runs/runs/batch-20260613/log-explorer-perf/no_verification/runs/22/app/server/data,False
log-explorer-perf/no_verification/runs/23/app,LATENT,server/db.js,/sessions/quirky-inspiring-hypatia/mnt/eval-coding-agent-runs/runs/batch-20260613/log-explorer-perf/no_verification/runs/23/app/server/data/logdb,/sessions/quirky-inspiring-hypatia/mnt/eval-coding-agent-runs/runs/batch-20260613/log-explorer-perf/no_verification/runs/23/app/server/data,False
log-explorer-perf/no_verification/runs/24/app,OK-SHALLOW,backend/db.js,/sessions/quirky-inspiring-hypatia/mnt/eval-coding-agent-runs/runs/batch-20260613/log-explorer-perf/no_verification/runs/24/app/pgdata,,False
log-explorer-perf/no_verification/runs/25/app,OK-SHALLOW,server/db.js,/sessions/quirky-inspiring-hypatia/mnt/eval-coding-agent-runs/runs/batch-20260613/log-explorer-perf/no_verification/runs/25/app/server/pgdata,,False
log-explorer-perf/no_verification/runs/26/app,OK-SHALLOW,server/index.js,/sessions/quirky-inspiring-hypatia/mnt/eval-coding-agent-runs/runs/batch-20260613/log-explorer-perf/no_verification/runs/26/app/server/logs.db,,False
log-explorer-perf/no_verification/runs/27/app,OK-SHALLOW,backend/server.js,/sessions/quirky-inspiring-hypatia/mnt/eval-coding-agent-runs/runs/batch-20260613/log-explorer-perf/no_verification/runs/27/app/.pglite,,False
log-explorer-perf/no_verification/runs/28/app,OK-SHALLOW,server/index.js,/sessions/quirky-inspiring-hypatia/mnt/eval-coding-agent-runs/runs/batch-20260613/log-explorer-perf/no_verification/runs/28/app/server/.pglite,,False
log-explorer-perf/no_verification/runs/29/app,OK-SHALLOW,server/server.js,/sessions/quirky-inspiring-hypatia/mnt/eval-coding-agent-runs/runs/batch-20260613/log-explorer-perf/no_verification/runs/29/app/.pglite,,False
log-explorer-perf/no_verification/runs/30/app,OK-SHALLOW,server/index.js,/sessions/quirky-inspiring-hypatia/mnt/eval-coding-agent-runs/runs/batch-20260613/log-explorer-perf/no_verification/runs/30/app/pgdata,,False
log-explorer-perf/static/runs/1/app,LATENT,server/db.js,/sessions/quirky-inspiring-hypatia/mnt/eval-coding-agent-runs/runs/batch-20260613/log-explorer-perf/static/runs/1/app/data/pglite,/sessions/quirky-inspiring-hypatia/mnt/eval-coding-agent-runs/runs/batch-20260613/log-explorer-perf/static/runs/1/app/data,False
log-explorer-perf/static/runs/2/app,LATENT,server/db.js,/sessions/quirky-inspiring-hypatia/mnt/eval-coding-agent-runs/runs/batch-20260613/log-explorer-perf/static/runs/2/app/data/pglite,/sessions/quirky-inspiring-hypatia/mnt/eval-coding-agent-runs/runs/batch-20260613/log-explorer-perf/static/runs/2/app/data,False
log-explorer-perf/static/runs/3/app,OK-MKDIR,server/db.js,/sessions/quirky-inspiring-hypatia/mnt/eval-coding-agent-runs/runs/batch-20260613/log-explorer-perf/static/runs/3/app/data/pglite,,True
log-explorer-perf/static/runs/4/app,LATENT,server/db.js,/sessions/quirky-inspiring-hypatia/mnt/eval-coding-agent-runs/runs/batch-20260613/log-explorer-perf/static/runs/4/app/data/pglite,/sessions/quirky-inspiring-hypatia/mnt/eval-coding-agent-runs/runs/batch-20260613/log-explorer-perf/static/runs/4/app/data,False
log-explorer-perf/static/runs/5/app,LATENT,server/db.js,/sessions/quirky-inspiring-hypatia/mnt/eval-coding-agent-runs/runs/batch-20260613/log-explorer-perf/static/runs/5/app/data/pglite,/sessions/quirky-inspiring-hypatia/mnt/eval-coding-agent-runs/runs/batch-20260613/log-explorer-perf/static/runs/5/app/data,False
log-explorer-perf/static/runs/6/app,OK-MKDIR,server/index.js,/sessions/quirky-inspiring-hypatia/mnt/eval-coding-agent-runs/runs/batch-20260613/log-explorer-perf/static/runs/6/app/.pglite,,True
log-explorer-perf/static/runs/7/app,OK-SHALLOW,server/index.js,/sessions/quirky-inspiring-hypatia/mnt/eval-coding-agent-runs/runs/batch-20260613/log-explorer-perf/static/runs/7/app/.pglite,,False
log-explorer-perf/static/runs/8/app,OK-MKDIR,server/index.js,/sessions/quirky-inspiring-hypatia/mnt/eval-coding-agent-runs/runs/batch-20260613/log-explorer-perf/static/runs/8/app/pglite-data,,True
log-explorer-perf/static/runs/9/app,OK-MKDIR,server/index.js,/sessions/quirky-inspiring-hypatia/mnt/eval-coding-agent-runs/runs/batch-20260613/log-explorer-perf/static/runs/9/app/.pglite-data,,True
log-explorer-perf/static/runs/10/app,OK-SHALLOW,server/index.js,/sessions/quirky-inspiring-hypatia/mnt/eval-coding-agent-runs/runs/batch-20260613/log-explorer-perf/static/runs/10/app/.pglite-data,,False
log-explorer-perf/static/runs/11/app,LATENT,server/src/db.js,/sessions/quirky-inspiring-hypatia/mnt/eval-coding-agent-runs/runs/batch-20260613/log-explorer-perf/static/runs/11/app/server/.pgdata,/sessions/quirky-inspiring-hypatia/mnt/eval-coding-agent-runs/runs/batch-20260613/log-explorer-perf/static/runs/11/app/server,False
log-explorer-perf/static/runs/12/app,NO-PGLITE,,,,False
log-explorer-perf/static/runs/13/app,LATENT,server/src/db.js,/sessions/quirky-inspiring-hypatia/mnt/eval-coding-agent-runs/runs/batch-20260613/log-explorer-perf/static/runs/13/app/server/data/pgdata,/sessions/quirky-inspiring-hypatia/mnt/eval-coding-agent-runs/runs/batch-20260613/log-explorer-perf/static/runs/13/app/server/data,False
log-explorer-perf/static/runs/14/app,OK-SHALLOW,backend/src/db.js,/sessions/quirky-inspiring-hypatia/mnt/eval-coding-agent-runs/runs/batch-20260613/log-explorer-perf/static/runs/14/app/pgdata,,False
log-explorer-perf/static/runs/15/app,LATENT,server/src/db.js,/sessions/quirky-inspiring-hypatia/mnt/eval-coding-agent-runs/runs/batch-20260613/log-explorer-perf/static/runs/15/app/server/pgdata,/sessions/quirky-inspiring-hypatia/mnt/eval-coding-agent-runs/runs/batch-20260613/log-explorer-perf/static/runs/15/app/server,False
log-explorer-perf/static/runs/16/app,OK-MEMORY,test-pglite.js,,,False
log-explorer-perf/static/runs/17/app,OK-MEMORY,test-pglite.js,,,False
log-explorer-perf/static/runs/18/app,OK-SHALLOW,backend/db.js,/sessions/quirky-inspiring-hypatia/mnt/eval-coding-agent-runs/runs/batch-20260613/log-explorer-perf/static/runs/18/app/pglite-data,,False
log-explorer-perf/static/runs/19/app,OK-SHALLOW,backend/server.js,/sessions/quirky-inspiring-hypatia/mnt/eval-coding-agent-runs/runs/batch-20260613/log-explorer-perf/static/runs/19/app/backend/pglite-data,,False
log-explorer-perf/static/runs/20/app,OK-MEMORY,test-pglite.js,,,False
log-explorer-perf/static/runs/21/app,OK-SHALLOW,server/db.js,/sessions/quirky-inspiring-hypatia/mnt/eval-coding-agent-runs/runs/batch-20260613/log-explorer-perf/static/runs/21/app/pgdata,,False
log-explorer-perf/static/runs/22/app,OK-SHALLOW,backend/db.js,/sessions/quirky-inspiring-hypatia/mnt/eval-coding-agent-runs/runs/batch-20260613/log-explorer-perf/static/runs/22/app/pgdata,,False
log-explorer-perf/static/runs/23/app,OK-SHALLOW,server/db.js,/sessions/quirky-inspiring-hypatia/mnt/eval-coding-agent-runs/runs/batch-20260613/log-explorer-perf/static/runs/23/app/pgdata,,False
log-explorer-perf/static/runs/24/app,OK-SHALLOW,backend/db.js,/sessions/quirky-inspiring-hypatia/mnt/eval-coding-agent-runs/runs/batch-20260613/log-explorer-perf/static/runs/24/app/backend/pgdata,,False
log-explorer-perf/static/runs/25/app,OK-SHALLOW,server/db.js,/sessions/quirky-inspiring-hypatia/mnt/eval-coding-agent-runs/runs/batch-20260613/log-explorer-perf/static/runs/25/app/pgdata,,False
log-explorer-perf/static/runs/26/app,OK-SHALLOW,server/index.js,/sessions/quirky-inspiring-hypatia/mnt/eval-coding-agent-runs/runs/batch-20260613/log-explorer-perf/static/runs/26/app/pglite-data,,False
log-explorer-perf/static/runs/27/app,OK-MKDIR,server/index.js,/sessions/quirky-inspiring-hypatia/mnt/eval-coding-agent-runs/runs/batch-20260613/log-explorer-perf/static/runs/27/app/server/data/pglite,,True
log-explorer-perf/static/runs/28/app,OK-SHALLOW,backend/server.js,/sessions/quirky-inspiring-hypatia/mnt/eval-coding-agent-runs/runs/batch-20260613/log-explorer-perf/static/runs/28/app/.pglite-data,,False
log-explorer-perf/static/runs/29/app,OK-MKDIR,server/index.js,/sessions/quirky-inspiring-hypatia/mnt/eval-coding-agent-runs/runs/batch-20260613/log-explorer-perf/static/runs/29/app/server/data/logs.db,,True
log-explorer-perf/static/runs/30/app,OK-SHALLOW,backend/server.js,/sessions/quirky-inspiring-hypatia/mnt/eval-coding-agent-runs/runs/batch-20260613/log-explorer-perf/static/runs/30/app/.pglite,,False
log-explorer-perf/visual/runs/1/app,LATENT,server/src/db.js,/sessions/quirky-inspiring-hypatia/mnt/eval-coding-agent-runs/runs/batch-20260613/log-explorer-perf/visual/runs/1/app/data/pglite,/sessions/quirky-inspiring-hypatia/mnt/eval-coding-agent-runs/runs/batch-20260613/log-explorer-perf/visual/runs/1/app/data,False
log-explorer-perf/visual/runs/2/app,OK-MKDIR,backend/server.js,/sessions/quirky-inspiring-hypatia/mnt/eval-coding-agent-runs/runs/batch-20260613/log-explorer-perf/visual/runs/2/app/backend/data/logs.db,,True
log-explorer-perf/visual/runs/3/app,LATENT,server/src/db.js,/sessions/quirky-inspiring-hypatia/mnt/eval-coding-agent-runs/runs/batch-20260613/log-explorer-perf/visual/runs/3/app/data/pglite,/sessions/quirky-inspiring-hypatia/mnt/eval-coding-agent-runs/runs/batch-20260613/log-explorer-perf/visual/runs/3/app/data,False
log-explorer-perf/visual/runs/4/app,OK-MKDIR,backend/server.js,/sessions/quirky-inspiring-hypatia/mnt/eval-coding-agent-runs/runs/batch-20260613/log-explorer-perf/visual/runs/4/app/backend/data/pglite,,True
log-explorer-perf/visual/runs/5/app,LATENT,backend/db.js,/sessions/quirky-inspiring-hypatia/mnt/eval-coding-agent-runs/runs/batch-20260613/log-explorer-perf/visual/runs/5/app/backend/data/pglite,/sessions/quirky-inspiring-hypatia/mnt/eval-coding-agent-runs/runs/batch-20260613/log-explorer-perf/visual/runs/5/app/backend/data,False
log-explorer-perf/visual/runs/6/app,OK-SHALLOW,server/index.js,/sessions/quirky-inspiring-hypatia/mnt/eval-coding-agent-runs/runs/batch-20260613/log-explorer-perf/visual/runs/6/app/pglite-data,,False
log-explorer-perf/visual/runs/7/app,OK-MKDIR,server/index.js,/sessions/quirky-inspiring-hypatia/mnt/eval-coding-agent-runs/runs/batch-20260613/log-explorer-perf/visual/runs/7/app/pglite-data,,True
log-explorer-perf/visual/runs/8/app,OK-MKDIR,server/index.js,/sessions/quirky-inspiring-hypatia/mnt/eval-coding-agent-runs/runs/batch-20260613/log-explorer-perf/visual/runs/8/app/pglite-data,,True
log-explorer-perf/visual/runs/9/app,OK-MKDIR,server/index.js,/sessions/quirky-inspiring-hypatia/mnt/eval-coding-agent-runs/runs/batch-20260613/log-explorer-perf/visual/runs/9/app/pglite-data,,True
log-explorer-perf/visual/runs/10/app,OK-SHALLOW,server/index.js,/sessions/quirky-inspiring-hypatia/mnt/eval-coding-agent-runs/runs/batch-20260613/log-explorer-perf/visual/runs/10/app/pglite-data,,False
log-explorer-perf/visual/runs/11/app,OK-SHALLOW,server/db.js,/sessions/quirky-inspiring-hypatia/mnt/eval-coding-agent-runs/runs/batch-20260613/log-explorer-perf/visual/runs/11/app/pgdata,,False
log-explorer-perf/visual/runs/12/app,LATENT,server/src/db.js,/sessions/quirky-inspiring-hypatia/mnt/eval-coding-agent-runs/runs/batch-20260613/log-explorer-perf/visual/runs/12/app/server/pgdata,/sessions/quirky-inspiring-hypatia/mnt/eval-coding-agent-runs/runs/batch-20260613/log-explorer-perf/visual/runs/12/app/server,False
log-explorer-perf/visual/runs/13/app,LATENT,server/src/db.js,/sessions/quirky-inspiring-hypatia/mnt/eval-coding-agent-runs/runs/batch-20260613/log-explorer-perf/visual/runs/13/app/server/pgdata,/sessions/quirky-inspiring-hypatia/mnt/eval-coding-agent-runs/runs/batch-20260613/log-explorer-perf/visual/runs/13/app/server,False
log-explorer-perf/visual/runs/14/app,OK-SHALLOW,backend/db.js,/sessions/quirky-inspiring-hypatia/mnt/eval-coding-agent-runs/runs/batch-20260613/log-explorer-perf/visual/runs/14/app/pgdata,,False
log-explorer-perf/visual/runs/15/app,LATENT,server/src/db.js,/sessions/quirky-inspiring-hypatia/mnt/eval-coding-agent-runs/runs/batch-20260613/log-explorer-perf/visual/runs/15/app/server/pgdata,/sessions/quirky-inspiring-hypatia/mnt/eval-coding-agent-runs/runs/batch-20260613/log-explorer-perf/visual/runs/15/app/server,False
log-explorer-perf/visual/runs/16/app,OK-SHALLOW,backend/check-index.js,/sessions/quirky-inspiring-hypatia/mnt/eval-coding-agent-runs/runs/batch-20260613/log-explorer-perf/visual/runs/16/app/backend/pglite-data,,False
log-explorer-perf/visual/runs/17/app,OK-SHALLOW,backend/index.js,/sessions/quirky-inspiring-hypatia/mnt/eval-coding-agent-runs/runs/batch-20260613/log-explorer-perf/visual/runs/17/app/backend/pglite-data,,False
log-explorer-perf/visual/runs/18/app,OK-SHALLOW,backend/db.js,/sessions/quirky-inspiring-hypatia/mnt/eval-coding-agent-runs/runs/batch-20260613/log-explorer-perf/visual/runs/18/app/backend/pglite-data,,False
log-explorer-perf/visual/runs/19/app,OK-SHALLOW,backend/index.js,/sessions/quirky-inspiring-hypatia/mnt/eval-coding-agent-runs/runs/batch-20260613/log-explorer-perf/visual/runs/19/app/backend/pgdata,,False
log-explorer-perf/visual/runs/20/app,OK-SHALLOW,server/explain.js,/sessions/quirky-inspiring-hypatia/mnt/eval-coding-agent-runs/runs/batch-20260613/log-explorer-perf/visual/runs/20/app/server/pglite-data,,False
log-explorer-perf/visual/runs/21/app,OK-SHALLOW,backend/db.js,/sessions/quirky-inspiring-hypatia/mnt/eval-coding-agent-runs/runs/batch-20260613/log-explorer-perf/visual/runs/21/app/pgdata,,False
log-explorer-perf/visual/runs/22/app,OK-SHALLOW,server/index.js,/sessions/quirky-inspiring-hypatia/mnt/eval-coding-agent-runs/runs/batch-20260613/log-explorer-perf/visual/runs/22/app/pgdata,,False
log-explorer-perf/visual/runs/23/app,OK-SHALLOW,server/db.js,/sessions/quirky-inspiring-hypatia/mnt/eval-coding-agent-runs/runs/batch-20260613/log-explorer-perf/visual/runs/23/app/pgdata,,False
log-explorer-perf/visual/runs/24/app,OK-SHALLOW,backend/db.js,/sessions/quirky-inspiring-hypatia/mnt/eval-coding-agent-runs/runs/batch-20260613/log-explorer-perf/visual/runs/24/app/pgdata,,False
log-explorer-perf/visual/runs/25/app,OK-SHALLOW,server/db.js,/sessions/quirky-inspiring-hypatia/mnt/eval-coding-agent-runs/runs/batch-20260613/log-explorer-perf/visual/runs/25/app/pgdata,,False
log-explorer-perf/visual/runs/26/app,OK-SHALLOW,backend/server.js,/sessions/quirky-inspiring-hypatia/mnt/eval-coding-agent-runs/runs/batch-20260613/log-explorer-perf/visual/runs/26/app/.pglite,,False
log-explorer-perf/visual/runs/27/app,OK-SHALLOW,server/server.js,/sessions/quirky-inspiring-hypatia/mnt/eval-coding-agent-runs/runs/batch-20260613/log-explorer-perf/visual/runs/27/app/pgdata,,False
log-explorer-perf/visual/runs/28/app,OK-SHALLOW,backend/server.js,/sessions/quirky-inspiring-hypatia/mnt/eval-coding-agent-runs/runs/batch-20260613/log-explorer-perf/visual/runs/28/app/backend/.pglite,,False
log-explorer-perf/visual/runs/29/app,OK-SHALLOW,server/index.js,/sessions/quirky-inspiring-hypatia/mnt/eval-coding-agent-runs/runs/batch-20260613/log-explorer-perf/visual/runs/29/app/.pglite-data,,False
log-explorer-perf/visual/runs/30/app,OK-SHALLOW,backend/server.js,/sessions/quirky-inspiring-hypatia/mnt/eval-coding-agent-runs/runs/batch-20260613/log-explorer-perf/visual/runs/30/app/backend/pglite-data,,False
log-explorer-perf/visual_no_shell/runs/1/app,OK-MKDIR,server/index.js,/sessions/quirky-inspiring-hypatia/mnt/eval-coding-agent-runs/runs/batch-20260613/log-explorer-perf/visual_no_shell/runs/1/app/data/logs.db,,True
log-explorer-perf/visual_no_shell/runs/2/app,LATENT,server/db.js,/sessions/quirky-inspiring-hypatia/mnt/eval-coding-agent-runs/runs/batch-20260613/log-explorer-perf/visual_no_shell/runs/2/app/data/pglite-db,/sessions/quirky-inspiring-hypatia/mnt/eval-coding-agent-runs/runs/batch-20260613/log-explorer-perf/visual_no_shell/runs/2/app/data,False
log-explorer-perf/visual_no_shell/runs/3/app,OK-MKDIR,backend/src/db.js,/sessions/quirky-inspiring-hypatia/mnt/eval-coding-agent-runs/runs/batch-20260613/log-explorer-perf/visual_no_shell/runs/3/app/data/pglite,,True
log-explorer-perf/visual_no_shell/runs/4/app,LATENT,server/index.js,/sessions/quirky-inspiring-hypatia/mnt/eval-coding-agent-runs/runs/batch-20260613/log-explorer-perf/visual_no_shell/runs/4/app/data/logs.db,/sessions/quirky-inspiring-hypatia/mnt/eval-coding-agent-runs/runs/batch-20260613/log-explorer-perf/visual_no_shell/runs/4/app/data,False
log-explorer-perf/visual_no_shell/runs/5/app,LATENT,server/db.js,/sessions/quirky-inspiring-hypatia/mnt/eval-coding-agent-runs/runs/batch-20260613/log-explorer-perf/visual_no_shell/runs/5/app/data/pglite-db,/sessions/quirky-inspiring-hypatia/mnt/eval-coding-agent-runs/runs/batch-20260613/log-explorer-perf/visual_no_shell/runs/5/app/data,False
log-explorer-perf/visual_no_shell/runs/6/app,OK-MKDIR,server/index.js,/sessions/quirky-inspiring-hypatia/mnt/eval-coding-agent-runs/runs/batch-20260613/log-explorer-perf/visual_no_shell/runs/6/app/.pglite,,True
log-explorer-perf/visual_no_shell/runs/7/app,OK-MKDIR,server/index.js,/sessions/quirky-inspiring-hypatia/mnt/eval-coding-agent-runs/runs/batch-20260613/log-explorer-perf/visual_no_shell/runs/7/app/data/pglite,,True
log-explorer-perf/visual_no_shell/runs/8/app,OK-SHALLOW,server.js,/sessions/quirky-inspiring-hypatia/mnt/eval-coding-agent-runs/runs/batch-20260613/log-explorer-perf/visual_no_shell/runs/8/app/.pglite-data,,False
log-explorer-perf/visual_no_shell/runs/9/app,OK-SHALLOW,server/index.js,/sessions/quirky-inspiring-hypatia/mnt/eval-coding-agent-runs/runs/batch-20260613/log-explorer-perf/visual_no_shell/runs/9/app/.pglite-data,,False
log-explorer-perf/visual_no_shell/runs/10/app,OK-MKDIR,server/index.js,/sessions/quirky-inspiring-hypatia/mnt/eval-coding-agent-runs/runs/batch-20260613/log-explorer-perf/visual_no_shell/runs/10/app/pglite-data,,True
log-explorer-perf/visual_no_shell/runs/11/app,OK-SHALLOW,server/db.js,/sessions/quirky-inspiring-hypatia/mnt/eval-coding-agent-runs/runs/batch-20260613/log-explorer-perf/visual_no_shell/runs/11/app/.pgdata,,False
log-explorer-perf/visual_no_shell/runs/12/app,OK-MKDIR,server/src/db.js,/sessions/quirky-inspiring-hypatia/mnt/eval-coding-agent-runs/runs/batch-20260613/log-explorer-perf/visual_no_shell/runs/12/app/server/pgdata,,True
log-explorer-perf/visual_no_shell/runs/13/app,OK-SHALLOW,server/db.js,/sessions/quirky-inspiring-hypatia/mnt/eval-coding-agent-runs/runs/batch-20260613/log-explorer-perf/visual_no_shell/runs/13/app/pgdata,,False
log-explorer-perf/visual_no_shell/runs/14/app,LATENT,server/src/db.js,/sessions/quirky-inspiring-hypatia/mnt/eval-coding-agent-runs/runs/batch-20260613/log-explorer-perf/visual_no_shell/runs/14/app/server/pgdata,/sessions/quirky-inspiring-hypatia/mnt/eval-coding-agent-runs/runs/batch-20260613/log-explorer-perf/visual_no_shell/runs/14/app/server,False
log-explorer-perf/visual_no_shell/runs/15/app,OK-MKDIR,server/db.js,/sessions/quirky-inspiring-hypatia/mnt/eval-coding-agent-runs/runs/batch-20260613/log-explorer-perf/visual_no_shell/runs/15/app/data/pgdata,,True
log-explorer-perf/visual_no_shell/runs/16/app,LATENT,test-perf.js,/sessions/quirky-inspiring-hypatia/mnt/eval-coding-agent-runs/runs/batch-20260613/log-explorer-perf/visual_no_shell/runs/16/app/server/pglite-data,/sessions/quirky-inspiring-hypatia/mnt/eval-coding-agent-runs/runs/batch-20260613/log-explorer-perf/visual_no_shell/runs/16/app/server,False
log-explorer-perf/visual_no_shell/runs/17/app,OK-MEMORY,test-pglite.js,,,False
log-explorer-perf/visual_no_shell/runs/18/app,OK-SHALLOW,explain.js,/sessions/quirky-inspiring-hypatia/mnt/eval-coding-agent-runs/runs/batch-20260613/log-explorer-perf/visual_no_shell/runs/18/app/pglite-data,,False
log-explorer-perf/visual_no_shell/runs/19/app,OK-SHALLOW,backend/server.js,/sessions/quirky-inspiring-hypatia/mnt/eval-coding-agent-runs/runs/batch-20260613/log-explorer-perf/visual_no_shell/runs/19/app/pglite-data,,False
log-explorer-perf/visual_no_shell/runs/20/app,OK-SHALLOW,test-cte.js,/sessions/quirky-inspiring-hypatia/mnt/eval-coding-agent-runs/runs/batch-20260613/log-explorer-perf/visual_no_shell/runs/20/app/pglite-data,,False
log-explorer-perf/visual_no_shell/runs/21/app,OK-SHALLOW,backend/server.js,/sessions/quirky-inspiring-hypatia/mnt/eval-coding-agent-runs/runs/batch-20260613/log-explorer-perf/visual_no_shell/runs/21/app/pgdata,,False
log-explorer-perf/visual_no_shell/runs/22/app,OK-SHALLOW,server/db.js,/sessions/quirky-inspiring-hypatia/mnt/eval-coding-agent-runs/runs/batch-20260613/log-explorer-perf/visual_no_shell/runs/22/app/pgdata,,False
log-explorer-perf/visual_no_shell/runs/23/app,OK-SHALLOW,server/db.js,/sessions/quirky-inspiring-hypatia/mnt/eval-coding-agent-runs/runs/batch-20260613/log-explorer-perf/visual_no_shell/runs/23/app/pgdata,,False
log-explorer-perf/visual_no_shell/runs/24/app,OK-SHALLOW,server/index.js,/sessions/quirky-inspiring-hypatia/mnt/eval-coding-agent-runs/runs/batch-20260613/log-explorer-perf/visual_no_shell/runs/24/app/pgdata,,False
log-explorer-perf/visual_no_shell/runs/25/app,OK-SHALLOW,server/db.js,/sessions/quirky-inspiring-hypatia/mnt/eval-coding-agent-runs/runs/batch-20260613/log-explorer-perf/visual_no_shell/runs/25/app/pgdata,,False
log-explorer-perf/visual_no_shell/runs/26/app,OK-SHALLOW,server/index.js,/sessions/quirky-inspiring-hypatia/mnt/eval-coding-agent-runs/runs/batch-20260613/log-explorer-perf/visual_no_shell/runs/26/app/server/.pglite,,False
log-explorer-perf/visual_no_shell/runs/27/app,OK-SHALLOW,server/index.js,/sessions/quirky-inspiring-hypatia/mnt/eval-coding-agent-runs/runs/batch-20260613/log-explorer-perf/visual_no_shell/runs/27/app/.pglite,,False
log-explorer-perf/visual_no_shell/runs/28/app,OK-SHALLOW,backend/server.js,/sessions/quirky-inspiring-hypatia/mnt/eval-coding-agent-runs/runs/batch-20260613/log-explorer-perf/visual_no_shell/runs/28/app/.pglite-data,,False
log-explorer-perf/visual_no_shell/runs/29/app,OK-MKDIR,backend/server.js,/sessions/quirky-inspiring-hypatia/mnt/eval-coding-agent-runs/runs/batch-20260613/log-explorer-perf/visual_no_shell/runs/29/app/backend/data,,True
log-explorer-perf/visual_no_shell/runs/30/app,OK-MKDIR,backend/server.js,/sessions/quirky-inspiring-hypatia/mnt/eval-coding-agent-runs/runs/batch-20260613/log-explorer-perf/visual_no_shell/runs/30/app/backend/data/logs.db,,True
message-board/boot_check/runs/1/app,LATENT,server/db.js,/sessions/quirky-inspiring-hypatia/mnt/eval-coding-agent-runs/runs/batch-20260613/message-board/boot_check/runs/1/app/data/pglite,/sessions/quirky-inspiring-hypatia/mnt/eval-coding-agent-runs/runs/batch-20260613/message-board/boot_check/runs/1/app/data,False
message-board/boot_check/runs/2/app,OK-MKDIR,server/db.js,/sessions/quirky-inspiring-hypatia/mnt/eval-coding-agent-runs/runs/batch-20260613/message-board/boot_check/runs/2/app/data/pglite,,True
message-board/boot_check/runs/3/app,OK-MKDIR,server/db.js,/sessions/quirky-inspiring-hypatia/mnt/eval-coding-agent-runs/runs/batch-20260613/message-board/boot_check/runs/3/app/data/pglite,,True
message-board/boot_check/runs/4/app,OK-MKDIR,server/db.js,/sessions/quirky-inspiring-hypatia/mnt/eval-coding-agent-runs/runs/batch-20260613/message-board/boot_check/runs/4/app/data/pglite,,True
message-board/boot_check/runs/6/app,OK-MKDIR,server/index.js,/sessions/quirky-inspiring-hypatia/mnt/eval-coding-agent-runs/runs/batch-20260613/message-board/boot_check/runs/6/app/.pglite,,True
message-board/boot_check/runs/7/app,OK-MKDIR,server/index.js,/sessions/quirky-inspiring-hypatia/mnt/eval-coding-agent-runs/runs/batch-20260613/message-board/boot_check/runs/7/app/data/pglite,,True
message-board/boot_check/runs/8/app,OK-SHALLOW,server.js,/sessions/quirky-inspiring-hypatia/mnt/eval-coding-agent-runs/runs/batch-20260613/message-board/boot_check/runs/8/app/pgdata,,False
message-board/boot_check/runs/9/app,OK-MKDIR,server.js,/sessions/quirky-inspiring-hypatia/mnt/eval-coding-agent-runs/runs/batch-20260613/message-board/boot_check/runs/9/app/data/pglite,,True
message-board/boot_check/runs/11/app,OK-MKDIR,server/db.js,/sessions/quirky-inspiring-hypatia/mnt/eval-coding-agent-runs/runs/batch-20260613/message-board/boot_check/runs/11/app/data/pgdata,,True
message-board/boot_check/runs/12/app,OK-SHALLOW,server/db.js,/sessions/quirky-inspiring-hypatia/mnt/eval-coding-agent-runs/runs/batch-20260613/message-board/boot_check/runs/12/app/pgdata,,False
message-board/boot_check/runs/13/app,OK-MKDIR,server/db.js,/sessions/quirky-inspiring-hypatia/mnt/eval-coding-agent-runs/runs/batch-20260613/message-board/boot_check/runs/13/app/data/pgdata,,True
message-board/boot_check/runs/14/app,OK-SHALLOW,server/db.js,/sessions/quirky-inspiring-hypatia/mnt/eval-coding-agent-runs/runs/batch-20260613/message-board/boot_check/runs/14/app/pgdata,,False
message-board/boot_check/runs/16/app,OK-SHALLOW,server.js,/sessions/quirky-inspiring-hypatia/mnt/eval-coding-agent-runs/runs/batch-20260613/message-board/boot_check/runs/16/app/pglite-data,,False
message-board/boot_check/runs/17/app,OK-SHALLOW,server.js,/sessions/quirky-inspiring-hypatia/mnt/eval-coding-agent-runs/runs/batch-20260613/message-board/boot_check/runs/17/app/pglite-data,,False
message-board/boot_check/runs/18/app,OK-SHALLOW,server.js,/sessions/quirky-inspiring-hypatia/mnt/eval-coding-agent-runs/runs/batch-20260613/message-board/boot_check/runs/18/app/pglite-data,,False
message-board/boot_check/runs/19/app,OK-SHALLOW,server.js,/sessions/quirky-inspiring-hypatia/mnt/eval-coding-agent-runs/runs/batch-20260613/message-board/boot_check/runs/19/app/pglite-data,,False
message-board/boot_check/runs/21/app,OK-SHALLOW,server/db.js,/sessions/quirky-inspiring-hypatia/mnt/eval-coding-agent-runs/runs/batch-20260613/message-board/boot_check/runs/21/app/pgdata,,False
message-board/boot_check/runs/22/app,OK-SHALLOW,server/db.js,/sessions/quirky-inspiring-hypatia/mnt/eval-coding-agent-runs/runs/batch-20260613/message-board/boot_check/runs/22/app/pgdata,,False
message-board/boot_check/runs/23/app,OK-SHALLOW,server/index.js,/sessions/quirky-inspiring-hypatia/mnt/eval-coding-agent-runs/runs/batch-20260613/message-board/boot_check/runs/23/app/pgdata,,False
message-board/boot_check/runs/24/app,OK-SHALLOW,server/db.js,/sessions/quirky-inspiring-hypatia/mnt/eval-coding-agent-runs/runs/batch-20260613/message-board/boot_check/runs/24/app/pgdata,,False
message-board/boot_check/runs/26/app,OK-SHALLOW,backend/server.js,/sessions/quirky-inspiring-hypatia/mnt/eval-coding-agent-runs/runs/batch-20260613/message-board/boot_check/runs/26/app/pgdata,,False
message-board/boot_check/runs/27/app,OK-SHALLOW,server.js,/sessions/quirky-inspiring-hypatia/mnt/eval-coding-agent-runs/runs/batch-20260613/message-board/boot_check/runs/27/app/pgdata,,False
message-board/boot_check/runs/28/app,OK-SHALLOW,server.js,/sessions/quirky-inspiring-hypatia/mnt/eval-coding-agent-runs/runs/batch-20260613/message-board/boot_check/runs/28/app/pgdata,,False
message-board/boot_check/runs/29/app,OK-SHALLOW,server.js,/sessions/quirky-inspiring-hypatia/mnt/eval-coding-agent-runs/runs/batch-20260613/message-board/boot_check/runs/29/app/pgdata,,False
message-board/execution/runs/1/app,OK-MKDIR,server/db.js,/sessions/quirky-inspiring-hypatia/mnt/eval-coding-agent-runs/runs/batch-20260613/message-board/execution/runs/1/app/data/pglite,,True
message-board/execution/runs/2/app,LATENT,server/db.js,/sessions/quirky-inspiring-hypatia/mnt/eval-coding-agent-runs/runs/batch-20260613/message-board/execution/runs/2/app/data/pglite,/sessions/quirky-inspiring-hypatia/mnt/eval-coding-agent-runs/runs/batch-20260613/message-board/execution/runs/2/app/data,False
message-board/execution/runs/3/app,OK-SHALLOW,server/db.js,/sessions/quirky-inspiring-hypatia/mnt/eval-coding-agent-runs/runs/batch-20260613/message-board/execution/runs/3/app/data,,False
message-board/execution/runs/4/app,OK-SHALLOW,server/db.js,/sessions/quirky-inspiring-hypatia/mnt/eval-coding-agent-runs/runs/batch-20260613/message-board/execution/runs/4/app/data,,False
message-board/execution/runs/6/app,OK-MKDIR,server/index.js,/sessions/quirky-inspiring-hypatia/mnt/eval-coding-agent-runs/runs/batch-20260613/message-board/execution/runs/6/app/data/pglite,,True
message-board/execution/runs/7/app,OK-MKDIR,server/index.js,/sessions/quirky-inspiring-hypatia/mnt/eval-coding-agent-runs/runs/batch-20260613/message-board/execution/runs/7/app/data/pglite,,True
message-board/execution/runs/8/app,OK-SHALLOW,server/index.js,/sessions/quirky-inspiring-hypatia/mnt/eval-coding-agent-runs/runs/batch-20260613/message-board/execution/runs/8/app/.pglite,,False
message-board/execution/runs/9/app,OK-MKDIR,server/index.js,/sessions/quirky-inspiring-hypatia/mnt/eval-coding-agent-runs/runs/batch-20260613/message-board/execution/runs/9/app/data/pglite,,True
message-board/execution/runs/11/app,OK-MKDIR,server/src/db.js,/sessions/quirky-inspiring-hypatia/mnt/eval-coding-agent-runs/runs/batch-20260613/message-board/execution/runs/11/app/server/data/pgdata,,True
message-board/execution/runs/12/app,LATENT,server/src/db.js,/sessions/quirky-inspiring-hypatia/mnt/eval-coding-agent-runs/runs/batch-20260613/message-board/execution/runs/12/app/server/pgdata,/sessions/quirky-inspiring-hypatia/mnt/eval-coding-agent-runs/runs/batch-20260613/message-board/execution/runs/12/app/server,False
message-board/execution/runs/13/app,LATENT,server/src/db.js,/sessions/quirky-inspiring-hypatia/mnt/eval-coding-agent-runs/runs/batch-20260613/message-board/execution/runs/13/app/server/pgdata,/sessions/quirky-inspiring-hypatia/mnt/eval-coding-agent-runs/runs/batch-20260613/message-board/execution/runs/13/app/server,False
message-board/execution/runs/14/app,OK-MKDIR,server/db.js,/sessions/quirky-inspiring-hypatia/mnt/eval-coding-agent-runs/runs/batch-20260613/message-board/execution/runs/14/app/data/board,,True
message-board/execution/runs/16/app,OK-SHALLOW,server.js,/sessions/quirky-inspiring-hypatia/mnt/eval-coding-agent-runs/runs/batch-20260613/message-board/execution/runs/16/app/pglite-data,,False
message-board/execution/runs/17/app,OK-SHALLOW,server.js,/sessions/quirky-inspiring-hypatia/mnt/eval-coding-agent-runs/runs/batch-20260613/message-board/execution/runs/17/app/pglite-data,,False
message-board/execution/runs/18/app,OK-SHALLOW,server/index.js,/sessions/quirky-inspiring-hypatia/mnt/eval-coding-agent-runs/runs/batch-20260613/message-board/execution/runs/18/app/pglite-data,,False
message-board/execution/runs/19/app,OK-SHALLOW,server.js,/sessions/quirky-inspiring-hypatia/mnt/eval-coding-agent-runs/runs/batch-20260613/message-board/execution/runs/19/app/pglite-data,,False
message-board/execution/runs/21/app,OK-SHALLOW,server/db.js,/sessions/quirky-inspiring-hypatia/mnt/eval-coding-agent-runs/runs/batch-20260613/message-board/execution/runs/21/app/pgdata,,False
message-board/execution/runs/22/app,OK-SHALLOW,server/db.js,/sessions/quirky-inspiring-hypatia/mnt/eval-coding-agent-runs/runs/batch-20260613/message-board/execution/runs/22/app/.pglite-data,,False
message-board/execution/runs/23/app,OK-SHALLOW,server/db.js,/sessions/quirky-inspiring-hypatia/mnt/eval-coding-agent-runs/runs/batch-20260613/message-board/execution/runs/23/app/.pglite-data,,False
message-board/execution/runs/24/app,OK-MKDIR,server/db.js,/sessions/quirky-inspiring-hypatia/mnt/eval-coding-agent-runs/runs/batch-20260613/message-board/execution/runs/24/app/data/message-board,,True
message-board/execution/runs/26/app,OK-SHALLOW,server.js,/sessions/quirky-inspiring-hypatia/mnt/eval-coding-agent-runs/runs/batch-20260613/message-board/execution/runs/26/app/.pglite,,False
message-board/execution/runs/27/app,OK-SHALLOW,server.js,/sessions/quirky-inspiring-hypatia/mnt/eval-coding-agent-runs/runs/batch-20260613/message-board/execution/runs/27/app/pgdata,,False
message-board/execution/runs/28/app,OK-SHALLOW,server.js,/sessions/quirky-inspiring-hypatia/mnt/eval-coding-agent-runs/runs/batch-20260613/message-board/execution/runs/28/app/pgdata,,False
message-board/execution/runs/29/app,OK-SHALLOW,backend/index.js,/sessions/quirky-inspiring-hypatia/mnt/eval-coding-agent-runs/runs/batch-20260613/message-board/execution/runs/29/app/data,,False
message-board/no_verification/runs/1/app,OK-SHALLOW,server/db.js,/sessions/quirky-inspiring-hypatia/mnt/eval-coding-agent-runs/runs/batch-20260613/message-board/no_verification/runs/1/app/data,,False
message-board/no_verification/runs/2/app,OK-SHALLOW,server/db.js,/sessions/quirky-inspiring-hypatia/mnt/eval-coding-agent-runs/runs/batch-20260613/message-board/no_verification/runs/2/app/data,,False
message-board/no_verification/runs/3/app,LATENT,backend/src/db.js,/sessions/quirky-inspiring-hypatia/mnt/eval-coding-agent-runs/runs/batch-20260613/message-board/no_verification/runs/3/app/backend/data,/sessions/quirky-inspiring-hypatia/mnt/eval-coding-agent-runs/runs/batch-20260613/message-board/no_verification/runs/3/app/backend,False
message-board/no_verification/runs/4/app,LATENT,server/db.js,/sessions/quirky-inspiring-hypatia/mnt/eval-coding-agent-runs/runs/batch-20260613/message-board/no_verification/runs/4/app/data/pglite,/sessions/quirky-inspiring-hypatia/mnt/eval-coding-agent-runs/runs/batch-20260613/message-board/no_verification/runs/4/app/data,False
message-board/no_verification/runs/6/app,OK-SHALLOW,server/index.js,/sessions/quirky-inspiring-hypatia/mnt/eval-coding-agent-runs/runs/batch-20260613/message-board/no_verification/runs/6/app/.pglite,,False
message-board/no_verification/runs/7/app,LATENT,server/index.js,/sessions/quirky-inspiring-hypatia/mnt/eval-coding-agent-runs/runs/batch-20260613/message-board/no_verification/runs/7/app/data/pglite,/sessions/quirky-inspiring-hypatia/mnt/eval-coding-agent-runs/runs/batch-20260613/message-board/no_verification/runs/7/app/data,False
message-board/no_verification/runs/8/app,LATENT,server/index.js,/sessions/quirky-inspiring-hypatia/mnt/eval-coding-agent-runs/runs/batch-20260613/message-board/no_verification/runs/8/app/data/pglite,/sessions/quirky-inspiring-hypatia/mnt/eval-coding-agent-runs/runs/batch-20260613/message-board/no_verification/runs/8/app/data,False
message-board/no_verification/runs/9/app,OK-MKDIR,server/index.js,/sessions/quirky-inspiring-hypatia/mnt/eval-coding-agent-runs/runs/batch-20260613/message-board/no_verification/runs/9/app/data/pglite,,True
message-board/no_verification/runs/11/app,LATENT,server/src/db.js,/sessions/quirky-inspiring-hypatia/mnt/eval-coding-agent-runs/runs/batch-20260613/message-board/no_verification/runs/11/app/server/pgdata,/sessions/quirky-inspiring-hypatia/mnt/eval-coding-agent-runs/runs/batch-20260613/message-board/no_verification/runs/11/app/server,False
message-board/no_verification/runs/12/app,LATENT,server/src/db.js,/sessions/quirky-inspiring-hypatia/mnt/eval-coding-agent-runs/runs/batch-20260613/message-board/no_verification/runs/12/app/server/data/board,/sessions/quirky-inspiring-hypatia/mnt/eval-coding-agent-runs/runs/batch-20260613/message-board/no_verification/runs/12/app/server/data,False
message-board/no_verification/runs/13/app,LATENT,server/src/db.js,/sessions/quirky-inspiring-hypatia/mnt/eval-coding-agent-runs/runs/batch-20260613/message-board/no_verification/runs/13/app/server/pgdata,/sessions/quirky-inspiring-hypatia/mnt/eval-coding-agent-runs/runs/batch-20260613/message-board/no_verification/runs/13/app/server,False
message-board/no_verification/runs/14/app,LATENT,server/src/db.js,/sessions/quirky-inspiring-hypatia/mnt/eval-coding-agent-runs/runs/batch-20260613/message-board/no_verification/runs/14/app/server/pgdata,/sessions/quirky-inspiring-hypatia/mnt/eval-coding-agent-runs/runs/batch-20260613/message-board/no_verification/runs/14/app/server,False
message-board/no_verification/runs/16/app,OK-SHALLOW,server.js,/sessions/quirky-inspiring-hypatia/mnt/eval-coding-agent-runs/runs/batch-20260613/message-board/no_verification/runs/16/app/pglite-data,,False
message-board/no_verification/runs/17/app,OK-SHALLOW,server.js,/sessions/quirky-inspiring-hypatia/mnt/eval-coding-agent-runs/runs/batch-20260613/message-board/no_verification/runs/17/app/pglite-data,,False
message-board/no_verification/runs/18/app,OK-SHALLOW,server.js,/sessions/quirky-inspiring-hypatia/mnt/eval-coding-agent-runs/runs/batch-20260613/message-board/no_verification/runs/18/app/pglite-data,,False
message-board/no_verification/runs/19/app,OK-SHALLOW,server/index.js,/sessions/quirky-inspiring-hypatia/mnt/eval-coding-agent-runs/runs/batch-20260613/message-board/no_verification/runs/19/app/db-data,,False
message-board/no_verification/runs/21/app,OK-SHALLOW,server/db.js,/sessions/quirky-inspiring-hypatia/mnt/eval-coding-agent-runs/runs/batch-20260613/message-board/no_verification/runs/21/app/pgdata,,False
message-board/no_verification/runs/22/app,OK-SHALLOW,server/db.js,/sessions/quirky-inspiring-hypatia/mnt/eval-coding-agent-runs/runs/batch-20260613/message-board/no_verification/runs/22/app/pgdata,,False
message-board/no_verification/runs/23/app,LATENT,server/db.js,/sessions/quirky-inspiring-hypatia/mnt/eval-coding-agent-runs/runs/batch-20260613/message-board/no_verification/runs/23/app/data/pglite,/sessions/quirky-inspiring-hypatia/mnt/eval-coding-agent-runs/runs/batch-20260613/message-board/no_verification/runs/23/app/data,False
message-board/no_verification/runs/24/app,OK-SHALLOW,server/index.js,/sessions/quirky-inspiring-hypatia/mnt/eval-coding-agent-runs/runs/batch-20260613/message-board/no_verification/runs/24/app/server/pgdata,,False
message-board/no_verification/runs/26/app,OK-SHALLOW,server.js,/sessions/quirky-inspiring-hypatia/mnt/eval-coding-agent-runs/runs/batch-20260613/message-board/no_verification/runs/26/app/pgdata,,False
message-board/no_verification/runs/27/app,OK-SHALLOW,server.js,/sessions/quirky-inspiring-hypatia/mnt/eval-coding-agent-runs/runs/batch-20260613/message-board/no_verification/runs/27/app/pgdata,,False
message-board/no_verification/runs/28/app,OK-SHALLOW,server/index.js,/sessions/quirky-inspiring-hypatia/mnt/eval-coding-agent-runs/runs/batch-20260613/message-board/no_verification/runs/28/app/pgdata,,False
message-board/no_verification/runs/29/app,OK-SHALLOW,server.js,/sessions/quirky-inspiring-hypatia/mnt/eval-coding-agent-runs/runs/batch-20260613/message-board/no_verification/runs/29/app/pgdata,,False
message-board/static/runs/1/app,LATENT,server/db.js,/sessions/quirky-inspiring-hypatia/mnt/eval-coding-agent-runs/runs/batch-20260613/message-board/static/runs/1/app/data/pgdata,/sessions/quirky-inspiring-hypatia/mnt/eval-coding-agent-runs/runs/batch-20260613/message-board/static/runs/1/app/data,False
message-board/static/runs/2/app,OK-SHALLOW,server/src/db.js,/sessions/quirky-inspiring-hypatia/mnt/eval-coding-agent-runs/runs/batch-20260613/message-board/static/runs/2/app/data,,False
message-board/static/runs/3/app,LATENT,server/db.js,/sessions/quirky-inspiring-hypatia/mnt/eval-coding-agent-runs/runs/batch-20260613/message-board/static/runs/3/app/data/pgdata,/sessions/quirky-inspiring-hypatia/mnt/eval-coding-agent-runs/runs/batch-20260613/message-board/static/runs/3/app/data,False
message-board/static/runs/4/app,LATENT,server/src/db.js,/sessions/quirky-inspiring-hypatia/mnt/eval-coding-agent-runs/runs/batch-20260613/message-board/static/runs/4/app/server/data/pglite,/sessions/quirky-inspiring-hypatia/mnt/eval-coding-agent-runs/runs/batch-20260613/message-board/static/runs/4/app/server/data,False
message-board/static/runs/6/app,LATENT,server/index.js,/sessions/quirky-inspiring-hypatia/mnt/eval-coding-agent-runs/runs/batch-20260613/message-board/static/runs/6/app/data/pglite,/sessions/quirky-inspiring-hypatia/mnt/eval-coding-agent-runs/runs/batch-20260613/message-board/static/runs/6/app/data,False
message-board/static/runs/7/app,LATENT,server/index.js,/sessions/quirky-inspiring-hypatia/mnt/eval-coding-agent-runs/runs/batch-20260613/message-board/static/runs/7/app/data/pglite,/sessions/quirky-inspiring-hypatia/mnt/eval-coding-agent-runs/runs/batch-20260613/message-board/static/runs/7/app/data,False
message-board/static/runs/8/app,OK-SHALLOW,server/index.js,/sessions/quirky-inspiring-hypatia/mnt/eval-coding-agent-runs/runs/batch-20260613/message-board/static/runs/8/app/.pglite-data,,False
message-board/static/runs/9/app,LATENT,server/index.js,/sessions/quirky-inspiring-hypatia/mnt/eval-coding-agent-runs/runs/batch-20260613/message-board/static/runs/9/app/data/pglite,/sessions/quirky-inspiring-hypatia/mnt/eval-coding-agent-runs/runs/batch-20260613/message-board/static/runs/9/app/data,False
message-board/static/runs/11/app,LATENT,server/db.js,/sessions/quirky-inspiring-hypatia/mnt/eval-coding-agent-runs/runs/batch-20260613/message-board/static/runs/11/app/data/pgdata,/sessions/quirky-inspiring-hypatia/mnt/eval-coding-agent-runs/runs/batch-20260613/message-board/static/runs/11/app/data,False
message-board/static/runs/12/app,LATENT,server/src/db.js,/sessions/quirky-inspiring-hypatia/mnt/eval-coding-agent-runs/runs/batch-20260613/message-board/static/runs/12/app/server/data/pgdata,/sessions/quirky-inspiring-hypatia/mnt/eval-coding-agent-runs/runs/batch-20260613/message-board/static/runs/12/app/server/data,False
message-board/static/runs/13/app,OK-SHALLOW,server/db.js,/sessions/quirky-inspiring-hypatia/mnt/eval-coding-agent-runs/runs/batch-20260613/message-board/static/runs/13/app/pgdata,,False
message-board/static/runs/14/app,UNKNOWN,server/src/db.js,<config.dataDir>,,True
message-board/static/runs/16/app,OK-SHALLOW,server.js,/sessions/quirky-inspiring-hypatia/mnt/eval-coding-agent-runs/runs/batch-20260613/message-board/static/runs/16/app/db,,False
message-board/static/runs/17/app,OK-SHALLOW,server.js,/sessions/quirky-inspiring-hypatia/mnt/eval-coding-agent-runs/runs/batch-20260613/message-board/static/runs/17/app/pglite-data,,False
message-board/static/runs/18/app,OK-SHALLOW,server.js,/sessions/quirky-inspiring-hypatia/mnt/eval-coding-agent-runs/runs/batch-20260613/message-board/static/runs/18/app/db,,False
message-board/static/runs/19/app,OK-SHALLOW,server.js,/sessions/quirky-inspiring-hypatia/mnt/eval-coding-agent-runs/runs/batch-20260613/message-board/static/runs/19/app/db,,False
message-board/static/runs/21/app,WILL-FAIL,server/src/db.ts,/sessions/quirky-inspiring-hypatia/mnt/eval-coding-agent-runs/runs/batch-20260613/message-board/static/runs/21/data/message-board-db,/sessions/quirky-inspiring-hypatia/mnt/eval-coding-agent-runs/runs/batch-20260613/message-board/static/runs/21/data,False
message-board/static/runs/22/app,OK-SHALLOW,server/db.ts,/sessions/quirky-inspiring-hypatia/mnt/eval-coding-agent-runs/runs/batch-20260613/message-board/static/runs/22/app/pgdata,,False
message-board/static/runs/23/app,OK-SHALLOW,server/db.js,/sessions/quirky-inspiring-hypatia/mnt/eval-coding-agent-runs/runs/batch-20260613/message-board/static/runs/23/app/pgdata,,False
message-board/static/runs/24/app,LATENT,server/db.js,/sessions/quirky-inspiring-hypatia/mnt/eval-coding-agent-runs/runs/batch-20260613/message-board/static/runs/24/app/data/message-board,/sessions/quirky-inspiring-hypatia/mnt/eval-coding-agent-runs/runs/batch-20260613/message-board/static/runs/24/app/data,False
message-board/static/runs/26/app,OK-SHALLOW,server.js,/sessions/quirky-inspiring-hypatia/mnt/eval-coding-agent-runs/runs/batch-20260613/message-board/static/runs/26/app/pgdata,,False
message-board/static/runs/27/app,OK-SHALLOW,server.js,/sessions/quirky-inspiring-hypatia/mnt/eval-coding-agent-runs/runs/batch-20260613/message-board/static/runs/27/app/pgdata,,False
message-board/static/runs/28/app,OK-SHALLOW,server.js,/sessions/quirky-inspiring-hypatia/mnt/eval-coding-agent-runs/runs/batch-20260613/message-board/static/runs/28/app/pgdata,,False
message-board/static/runs/29/app,OK-SHALLOW,server.js,/sessions/quirky-inspiring-hypatia/mnt/eval-coding-agent-runs/runs/batch-20260613/message-board/static/runs/29/app/pgdata,,False
message-board/visual/runs/1/app,OK-MKDIR,server/db.js,/sessions/quirky-inspiring-hypatia/mnt/eval-coding-agent-runs/runs/batch-20260613/message-board/visual/runs/1/app/data/pglite,,True
message-board/visual/runs/2/app,OK-MKDIR,server/db.js,/sessions/quirky-inspiring-hypatia/mnt/eval-coding-agent-runs/runs/batch-20260613/message-board/visual/runs/2/app/data/pglite,,True
message-board/visual/runs/3/app,LATENT,server/db.js,/sessions/quirky-inspiring-hypatia/mnt/eval-coding-agent-runs/runs/batch-20260613/message-board/visual/runs/3/app/data/pglite,/sessions/quirky-inspiring-hypatia/mnt/eval-coding-agent-runs/runs/batch-20260613/message-board/visual/runs/3/app/data,False
message-board/visual/runs/4/app,LATENT,server/index.js,/sessions/quirky-inspiring-hypatia/mnt/eval-coding-agent-runs/runs/batch-20260613/message-board/visual/runs/4/app/data/messages.db,/sessions/quirky-inspiring-hypatia/mnt/eval-coding-agent-runs/runs/batch-20260613/message-board/visual/runs/4/app/data,False
message-board/visual/runs/6/app,OK-MKDIR,server/index.js,/sessions/quirky-inspiring-hypatia/mnt/eval-coding-agent-runs/runs/batch-20260613/message-board/visual/runs/6/app/server/data/pglite,,True
message-board/visual/runs/7/app,OK-MKDIR,server/index.js,/sessions/quirky-inspiring-hypatia/mnt/eval-coding-agent-runs/runs/batch-20260613/message-board/visual/runs/7/app/pglite-data,,True
message-board/visual/runs/8/app,OK-SHALLOW,server.js,/sessions/quirky-inspiring-hypatia/mnt/eval-coding-agent-runs/runs/batch-20260613/message-board/visual/runs/8/app/.pglite,,False
message-board/visual/runs/9/app,OK-SHALLOW,server/index.js,/sessions/quirky-inspiring-hypatia/mnt/eval-coding-agent-runs/runs/batch-20260613/message-board/visual/runs/9/app/.pgdata,,False
message-board/visual/runs/11/app,OK-MKDIR,server/db.js,/sessions/quirky-inspiring-hypatia/mnt/eval-coding-agent-runs/runs/batch-20260613/message-board/visual/runs/11/app/data/pgdata,,True
message-board/visual/runs/12/app,LATENT,server/src/db.js,/sessions/quirky-inspiring-hypatia/mnt/eval-coding-agent-runs/runs/batch-20260613/message-board/visual/runs/12/app/server/data,/sessions/quirky-inspiring-hypatia/mnt/eval-coding-agent-runs/runs/batch-20260613/message-board/visual/runs/12/app/server,False
message-board/visual/runs/13/app,OK-MKDIR,server/db.js,/sessions/quirky-inspiring-hypatia/mnt/eval-coding-agent-runs/runs/batch-20260613/message-board/visual/runs/13/app/data/pgdata,,True
message-board/visual/runs/14/app,OK-MKDIR,server/db.js,/sessions/quirky-inspiring-hypatia/mnt/eval-coding-agent-runs/runs/batch-20260613/message-board/visual/runs/14/app/data/pgdata,,True
message-board/visual/runs/16/app,OK-SHALLOW,server.js,/sessions/quirky-inspiring-hypatia/mnt/eval-coding-agent-runs/runs/batch-20260613/message-board/visual/runs/16/app/pglite-data,,False
message-board/visual/runs/17/app,OK-SHALLOW,backend/server.js,/sessions/quirky-inspiring-hypatia/mnt/eval-coding-agent-runs/runs/batch-20260613/message-board/visual/runs/17/app/backend/pglite-data,,False
message-board/visual/runs/18/app,OK-SHALLOW,server.js,/sessions/quirky-inspiring-hypatia/mnt/eval-coding-agent-runs/runs/batch-20260613/message-board/visual/runs/18/app/pglite-data,,False
message-board/visual/runs/19/app,OK-SHALLOW,server.js,/sessions/quirky-inspiring-hypatia/mnt/eval-coding-agent-runs/runs/batch-20260613/message-board/visual/runs/19/app/pglite-data,,False
message-board/visual/runs/21/app,OK-SHALLOW,server/index.js,/sessions/quirky-inspiring-hypatia/mnt/eval-coding-agent-runs/runs/batch-20260613/message-board/visual/runs/21/app/pgdata,,False
message-board/visual/runs/22/app,OK-SHALLOW,server/index.js,/sessions/quirky-inspiring-hypatia/mnt/eval-coding-agent-runs/runs/batch-20260613/message-board/visual/runs/22/app/pgdata,,False
message-board/visual/runs/23/app,OK-SHALLOW,server/index.js,/sessions/quirky-inspiring-hypatia/mnt/eval-coding-agent-runs/runs/batch-20260613/message-board/visual/runs/23/app/pgdata,,False
message-board/visual/runs/24/app,OK-SHALLOW,server/db.js,/sessions/quirky-inspiring-hypatia/mnt/eval-coding-agent-runs/runs/batch-20260613/message-board/visual/runs/24/app/.pglite-data,,False
message-board/visual/runs/26/app,OK-SHALLOW,server.js,/sessions/quirky-inspiring-hypatia/mnt/eval-coding-agent-runs/runs/batch-20260613/message-board/visual/runs/26/app/pgdata,,False
message-board/visual/runs/27/app,OK-SHALLOW,server.js,/sessions/quirky-inspiring-hypatia/mnt/eval-coding-agent-runs/runs/batch-20260613/message-board/visual/runs/27/app/pgdata,,False
message-board/visual/runs/28/app,OK-SHALLOW,server.js,/sessions/quirky-inspiring-hypatia/mnt/eval-coding-agent-runs/runs/batch-20260613/message-board/visual/runs/28/app/pgdata,,False
message-board/visual/runs/29/app,OK-SHALLOW,server.js,/sessions/quirky-inspiring-hypatia/mnt/eval-coding-agent-runs/runs/batch-20260613/message-board/visual/runs/29/app/pgdata,,False
metrics-dashboard/boot_check/runs/1/app,OK-MKDIR,server/db.js,/sessions/quirky-inspiring-hypatia/mnt/eval-coding-agent-runs/runs/batch-20260613/metrics-dashboard/boot_check/runs/1/app/data/pglite,,True
metrics-dashboard/boot_check/runs/2/app,OK-MKDIR,server/db.js,/sessions/quirky-inspiring-hypatia/mnt/eval-coding-agent-runs/runs/batch-20260613/metrics-dashboard/boot_check/runs/2/app/data/pglite,,True
metrics-dashboard/boot_check/runs/3/app,OK-MKDIR,server/db.js,/sessions/quirky-inspiring-hypatia/mnt/eval-coding-agent-runs/runs/batch-20260613/metrics-dashboard/boot_check/runs/3/app/data/pglite,,True
metrics-dashboard/boot_check/runs/4/app,OK-MKDIR,server/index.js,/sessions/quirky-inspiring-hypatia/mnt/eval-coding-agent-runs/runs/batch-20260613/metrics-dashboard/boot_check/runs/4/app/data/pglite,,True
metrics-dashboard/boot_check/runs/6/app,OK-SHALLOW,server/index.js,/sessions/quirky-inspiring-hypatia/mnt/eval-coding-agent-runs/runs/batch-20260613/metrics-dashboard/boot_check/runs/6/app/pglite-data,,False
metrics-dashboard/boot_check/runs/7/app,OK-SHALLOW,server/index.js,/sessions/quirky-inspiring-hypatia/mnt/eval-coding-agent-runs/runs/batch-20260613/metrics-dashboard/boot_check/runs/7/app/pglite-data,,False
metrics-dashboard/boot_check/runs/8/app,OK-SHALLOW,server.js,/sessions/quirky-inspiring-hypatia/mnt/eval-coding-agent-runs/runs/batch-20260613/metrics-dashboard/boot_check/runs/8/app/pglite-data,,False
metrics-dashboard/boot_check/runs/9/app,OK-SHALLOW,server/index.js,/sessions/quirky-inspiring-hypatia/mnt/eval-coding-agent-runs/runs/batch-20260613/metrics-dashboard/boot_check/runs/9/app/pglite-data,,False
metrics-dashboard/boot_check/runs/11/app,NO-PGLITE,,,,False
metrics-dashboard/boot_check/runs/12/app,LATENT,server/src/db.js,/sessions/quirky-inspiring-hypatia/mnt/eval-coding-agent-runs/runs/batch-20260613/metrics-dashboard/boot_check/runs/12/app/server/pgdata,/sessions/quirky-inspiring-hypatia/mnt/eval-coding-agent-runs/runs/batch-20260613/metrics-dashboard/boot_check/runs/12/app/server,False
metrics-dashboard/boot_check/runs/13/app,OK-MKDIR,server/src/db.js,/sessions/quirky-inspiring-hypatia/mnt/eval-coding-agent-runs/runs/batch-20260613/metrics-dashboard/boot_check/runs/13/app/server/data/pgdata,,True
metrics-dashboard/boot_check/runs/14/app,OK-SHALLOW,server/db.js,/sessions/quirky-inspiring-hypatia/mnt/eval-coding-agent-runs/runs/batch-20260613/metrics-dashboard/boot_check/runs/14/app/pgdata,,False
metrics-dashboard/boot_check/runs/16/app,OK-SHALLOW,server/db.js,/sessions/quirky-inspiring-hypatia/mnt/eval-coding-agent-runs/runs/batch-20260613/metrics-dashboard/boot_check/runs/16/app/pglite-data,,False
metrics-dashboard/boot_check/runs/17/app,OK-SHALLOW,backend/server.js,/sessions/quirky-inspiring-hypatia/mnt/eval-coding-agent-runs/runs/batch-20260613/metrics-dashboard/boot_check/runs/17/app/pglite-data,,False
metrics-dashboard/boot_check/runs/18/app,OK-SHALLOW,backend/db.js,/sessions/quirky-inspiring-hypatia/mnt/eval-coding-agent-runs/runs/batch-20260613/metrics-dashboard/boot_check/runs/18/app/pglite-data,,False
metrics-dashboard/boot_check/runs/19/app,OK-SHALLOW,server/db.js,/sessions/quirky-inspiring-hypatia/mnt/eval-coding-agent-runs/runs/batch-20260613/metrics-dashboard/boot_check/runs/19/app/pglite-data-2,,False
metrics-dashboard/boot_check/runs/21/app,OK-SHALLOW,server/db.js,/sessions/quirky-inspiring-hypatia/mnt/eval-coding-agent-runs/runs/batch-20260613/metrics-dashboard/boot_check/runs/21/app/pgdata,,False
metrics-dashboard/boot_check/runs/22/app,OK-SHALLOW,server/db.js,/sessions/quirky-inspiring-hypatia/mnt/eval-coding-agent-runs/runs/batch-20260613/metrics-dashboard/boot_check/runs/22/app/pgdata,,False
metrics-dashboard/boot_check/runs/23/app,OK-SHALLOW,server/index.js,/sessions/quirky-inspiring-hypatia/mnt/eval-coding-agent-runs/runs/batch-20260613/metrics-dashboard/boot_check/runs/23/app/pgdata,,False
metrics-dashboard/boot_check/runs/24/app,OK-SHALLOW,server/db.js,/sessions/quirky-inspiring-hypatia/mnt/eval-coding-agent-runs/runs/batch-20260613/metrics-dashboard/boot_check/runs/24/app/pgdata,,False
metrics-dashboard/boot_check/runs/26/app,OK-SHALLOW,server/index.js,/sessions/quirky-inspiring-hypatia/mnt/eval-coding-agent-runs/runs/batch-20260613/metrics-dashboard/boot_check/runs/26/app/pgdata,,False
metrics-dashboard/boot_check/runs/27/app,OK-MKDIR,server/index.js,/sessions/quirky-inspiring-hypatia/mnt/eval-coding-agent-runs/runs/batch-20260613/metrics-dashboard/boot_check/runs/27/app/server/pgdata,,True
metrics-dashboard/boot_check/runs/28/app,OK-MKDIR,server/index.js,/sessions/quirky-inspiring-hypatia/mnt/eval-coding-agent-runs/runs/batch-20260613/metrics-dashboard/boot_check/runs/28/app/server/data/metrics.db,,True
metrics-dashboard/boot_check/runs/29/app,OK-MKDIR,server/index.js,/sessions/quirky-inspiring-hypatia/mnt/eval-coding-agent-runs/runs/batch-20260613/metrics-dashboard/boot_check/runs/29/app/server/data/metrics.db,,True
metrics-dashboard/execution/runs/1/app,OK-MKDIR,backend/server.js,/sessions/quirky-inspiring-hypatia/mnt/eval-coding-agent-runs/runs/batch-20260613/metrics-dashboard/execution/runs/1/app/backend/data/pglite,,True
metrics-dashboard/execution/runs/2/app,OK-MKDIR,backend/db.js,/sessions/quirky-inspiring-hypatia/mnt/eval-coding-agent-runs/runs/batch-20260613/metrics-dashboard/execution/runs/2/app/backend/data/pglite,,True
metrics-dashboard/execution/runs/3/app,WILL-FAIL,backend/src/db.js,/sessions/quirky-inspiring-hypatia/mnt/eval-coding-agent-runs/runs/batch-20260613/metrics-dashboard/execution/runs/3/app/data/pglite,/sessions/quirky-inspiring-hypatia/mnt/eval-coding-agent-runs/runs/batch-20260613/metrics-dashboard/execution/runs/3/app/data,False
metrics-dashboard/execution/runs/4/app,OK-MKDIR,backend/server.js,/sessions/quirky-inspiring-hypatia/mnt/eval-coding-agent-runs/runs/batch-20260613/metrics-dashboard/execution/runs/4/app/backend/data/pglite,,True
metrics-dashboard/execution/runs/6/app,OK-SHALLOW,server/index.js,/sessions/quirky-inspiring-hypatia/mnt/eval-coding-agent-runs/runs/batch-20260613/metrics-dashboard/execution/runs/6/app/pglite-data,,False
metrics-dashboard/execution/runs/7/app,OK-SHALLOW,server/index.js,/sessions/quirky-inspiring-hypatia/mnt/eval-coding-agent-runs/runs/batch-20260613/metrics-dashboard/execution/runs/7/app/pglite-data,,False
metrics-dashboard/execution/runs/8/app,OK-MKDIR,server/index.js,/sessions/quirky-inspiring-hypatia/mnt/eval-coding-agent-runs/runs/batch-20260613/metrics-dashboard/execution/runs/8/app/pglite-data,,True
metrics-dashboard/execution/runs/9/app,OK-SHALLOW,server/index.js,/sessions/quirky-inspiring-hypatia/mnt/eval-coding-agent-runs/runs/batch-20260613/metrics-dashboard/execution/runs/9/app/pglite-data,,False
metrics-dashboard/execution/runs/11/app,NO-PGLITE,,,,False
metrics-dashboard/execution/runs/12/app,LATENT,server/src/db.js,/sessions/quirky-inspiring-hypatia/mnt/eval-coding-agent-runs/runs/batch-20260613/metrics-dashboard/execution/runs/12/app/server/pgdata,/sessions/quirky-inspiring-hypatia/mnt/eval-coding-agent-runs/runs/batch-20260613/metrics-dashboard/execution/runs/12/app/server,False
metrics-dashboard/execution/runs/13/app,LATENT,server/src/db.js,/sessions/quirky-inspiring-hypatia/mnt/eval-coding-agent-runs/runs/batch-20260613/metrics-dashboard/execution/runs/13/app/server/pgdata,/sessions/quirky-inspiring-hypatia/mnt/eval-coding-agent-runs/runs/batch-20260613/metrics-dashboard/execution/runs/13/app/server,False
metrics-dashboard/execution/runs/14/app,LATENT,backend/src/db.js,/sessions/quirky-inspiring-hypatia/mnt/eval-coding-agent-runs/runs/batch-20260613/metrics-dashboard/execution/runs/14/app/backend/pgdata,/sessions/quirky-inspiring-hypatia/mnt/eval-coding-agent-runs/runs/batch-20260613/metrics-dashboard/execution/runs/14/app/backend,False
metrics-dashboard/execution/runs/16/app,OK-SHALLOW,backend/db.js,/sessions/quirky-inspiring-hypatia/mnt/eval-coding-agent-runs/runs/batch-20260613/metrics-dashboard/execution/runs/16/app/backend/pgdata,,False
metrics-dashboard/execution/runs/17/app,OK-SHALLOW,backend/db.js,/sessions/quirky-inspiring-hypatia/mnt/eval-coding-agent-runs/runs/batch-20260613/metrics-dashboard/execution/runs/17/app/pgdata,,False
metrics-dashboard/execution/runs/18/app,OK-SHALLOW,backend/db.js,/sessions/quirky-inspiring-hypatia/mnt/eval-coding-agent-runs/runs/batch-20260613/metrics-dashboard/execution/runs/18/app/backend/pglite-data,,False
metrics-dashboard/execution/runs/19/app,OK-SHALLOW,server/index.js,/sessions/quirky-inspiring-hypatia/mnt/eval-coding-agent-runs/runs/batch-20260613/metrics-dashboard/execution/runs/19/app/server/pglite-data,,False
metrics-dashboard/execution/runs/21/app,OK-SHALLOW,backend/db.js,/sessions/quirky-inspiring-hypatia/mnt/eval-coding-agent-runs/runs/batch-20260613/metrics-dashboard/execution/runs/21/app/pgdata,,False
metrics-dashboard/execution/runs/22/app,OK-SHALLOW,backend/db.js,/sessions/quirky-inspiring-hypatia/mnt/eval-coding-agent-runs/runs/batch-20260613/metrics-dashboard/execution/runs/22/app/pgdata,,False
metrics-dashboard/execution/runs/23/app,OK-SHALLOW,backend/db.js,/sessions/quirky-inspiring-hypatia/mnt/eval-coding-agent-runs/runs/batch-20260613/metrics-dashboard/execution/runs/23/app/pgdata,,False
metrics-dashboard/execution/runs/24/app,OK-SHALLOW,server/db.js,/sessions/quirky-inspiring-hypatia/mnt/eval-coding-agent-runs/runs/batch-20260613/metrics-dashboard/execution/runs/24/app/pgdata,,False
metrics-dashboard/execution/runs/26/app,OK-SHALLOW,backend/server.js,/sessions/quirky-inspiring-hypatia/mnt/eval-coding-agent-runs/runs/batch-20260613/metrics-dashboard/execution/runs/26/app/.pglite,,False
metrics-dashboard/execution/runs/27/app,OK-SHALLOW,server/index.js,/sessions/quirky-inspiring-hypatia/mnt/eval-coding-agent-runs/runs/batch-20260613/metrics-dashboard/execution/runs/27/app/pglite-data,,False
metrics-dashboard/execution/runs/28/app,OK-SHALLOW,backend/server.js,/sessions/quirky-inspiring-hypatia/mnt/eval-coding-agent-runs/runs/batch-20260613/metrics-dashboard/execution/runs/28/app/pgdata,,False
metrics-dashboard/execution/runs/29/app,OK-SHALLOW,backend/server.js,/sessions/quirky-inspiring-hypatia/mnt/eval-coding-agent-runs/runs/batch-20260613/metrics-dashboard/execution/runs/29/app/backend/pgdata,,False
metrics-dashboard/no_verification/runs/1/app,OK-MKDIR,server/db.js,/sessions/quirky-inspiring-hypatia/mnt/eval-coding-agent-runs/runs/batch-20260613/metrics-dashboard/no_verification/runs/1/app/data/pglite,,True
metrics-dashboard/no_verification/runs/2/app,OK-MKDIR,server/db.js,/sessions/quirky-inspiring-hypatia/mnt/eval-coding-agent-runs/runs/batch-20260613/metrics-dashboard/no_verification/runs/2/app/data/pglite,,True
metrics-dashboard/no_verification/runs/3/app,OK-SHALLOW,server/src/db.js,/sessions/quirky-inspiring-hypatia/mnt/eval-coding-agent-runs/runs/batch-20260613/metrics-dashboard/no_verification/runs/3/app/.pglite-data,,False
metrics-dashboard/no_verification/runs/4/app,OK-SHALLOW,server/src/db.js,/sessions/quirky-inspiring-hypatia/mnt/eval-coding-agent-runs/runs/batch-20260613/metrics-dashboard/no_verification/runs/4/app/.pglite-data,,False
metrics-dashboard/no_verification/runs/6/app,LATENT,server/index.js,/sessions/quirky-inspiring-hypatia/mnt/eval-coding-agent-runs/runs/batch-20260613/metrics-dashboard/no_verification/runs/6/app/data/pglite,/sessions/quirky-inspiring-hypatia/mnt/eval-coding-agent-runs/runs/batch-20260613/metrics-dashboard/no_verification/runs/6/app/data,False
metrics-dashboard/no_verification/runs/7/app,OK-SHALLOW,server/index.js,/sessions/quirky-inspiring-hypatia/mnt/eval-coding-agent-runs/runs/batch-20260613/metrics-dashboard/no_verification/runs/7/app/pglite-data,,False
metrics-dashboard/no_verification/runs/8/app,OK-SHALLOW,server.js,/sessions/quirky-inspiring-hypatia/mnt/eval-coding-agent-runs/runs/batch-20260613/metrics-dashboard/no_verification/runs/8/app/.pglite-data,,False
metrics-dashboard/no_verification/runs/9/app,OK-MKDIR,server/index.js,/sessions/quirky-inspiring-hypatia/mnt/eval-coding-agent-runs/runs/batch-20260613/metrics-dashboard/no_verification/runs/9/app/pglite-data,,True
metrics-dashboard/no_verification/runs/11/app,LATENT,server/src/db.js,/sessions/quirky-inspiring-hypatia/mnt/eval-coding-agent-runs/runs/batch-20260613/metrics-dashboard/no_verification/runs/11/app/server/pgdata,/sessions/quirky-inspiring-hypatia/mnt/eval-coding-agent-runs/runs/batch-20260613/metrics-dashboard/no_verification/runs/11/app/server,False
metrics-dashboard/no_verification/runs/12/app,LATENT,server/src/db.js,/sessions/quirky-inspiring-hypatia/mnt/eval-coding-agent-runs/runs/batch-20260613/metrics-dashboard/no_verification/runs/12/app/server/pgdata,/sessions/quirky-inspiring-hypatia/mnt/eval-coding-agent-runs/runs/batch-20260613/metrics-dashboard/no_verification/runs/12/app/server,False
metrics-dashboard/no_verification/runs/13/app,LATENT,server/src/db.js,/sessions/quirky-inspiring-hypatia/mnt/eval-coding-agent-runs/runs/batch-20260613/metrics-dashboard/no_verification/runs/13/app/server/pgdata,/sessions/quirky-inspiring-hypatia/mnt/eval-coding-agent-runs/runs/batch-20260613/metrics-dashboard/no_verification/runs/13/app/server,False
metrics-dashboard/no_verification/runs/14/app,OK-MKDIR,server/src/db.js,/sessions/quirky-inspiring-hypatia/mnt/eval-coding-agent-runs/runs/batch-20260613/metrics-dashboard/no_verification/runs/14/app/server/pgdata,,True
metrics-dashboard/no_verification/runs/16/app,OK-SHALLOW,backend/db.js,/sessions/quirky-inspiring-hypatia/mnt/eval-coding-agent-runs/runs/batch-20260613/metrics-dashboard/no_verification/runs/16/app/backend/pgdata,,False
metrics-dashboard/no_verification/runs/17/app,OK-SHALLOW,backend/db.js,/sessions/quirky-inspiring-hypatia/mnt/eval-coding-agent-runs/runs/batch-20260613/metrics-dashboard/no_verification/runs/17/app/backend/pglite-data,,False
metrics-dashboard/no_verification/runs/18/app,OK-SHALLOW,backend/db.js,/sessions/quirky-inspiring-hypatia/mnt/eval-coding-agent-runs/runs/batch-20260613/metrics-dashboard/no_verification/runs/18/app/backend/pglite-data,,False
metrics-dashboard/no_verification/runs/19/app,OK-SHALLOW,backend/db.js,/sessions/quirky-inspiring-hypatia/mnt/eval-coding-agent-runs/runs/batch-20260613/metrics-dashboard/no_verification/runs/19/app/backend/pglite-data,,False
metrics-dashboard/no_verification/runs/21/app,OK-SHALLOW,server/db.js,/sessions/quirky-inspiring-hypatia/mnt/eval-coding-agent-runs/runs/batch-20260613/metrics-dashboard/no_verification/runs/21/app/server/pgdata,,False
metrics-dashboard/no_verification/runs/22/app,OK-SHALLOW,backend/db.js,/sessions/quirky-inspiring-hypatia/mnt/eval-coding-agent-runs/runs/batch-20260613/metrics-dashboard/no_verification/runs/22/app/backend/pgdata,,False
metrics-dashboard/no_verification/runs/23/app,OK-SHALLOW,backend/db.js,/sessions/quirky-inspiring-hypatia/mnt/eval-coding-agent-runs/runs/batch-20260613/metrics-dashboard/no_verification/runs/23/app/backend/pgdata,,False
metrics-dashboard/no_verification/runs/24/app,OK-SHALLOW,server/db.js,/sessions/quirky-inspiring-hypatia/mnt/eval-coding-agent-runs/runs/batch-20260613/metrics-dashboard/no_verification/runs/24/app/pgdata,,False
metrics-dashboard/no_verification/runs/26/app,OK-MKDIR,backend/server.js,/sessions/quirky-inspiring-hypatia/mnt/eval-coding-agent-runs/runs/batch-20260613/metrics-dashboard/no_verification/runs/26/app/backend/pgdata,,True
metrics-dashboard/no_verification/runs/27/app,OK-MKDIR,server/server.js,/sessions/quirky-inspiring-hypatia/mnt/eval-coding-agent-runs/runs/batch-20260613/metrics-dashboard/no_verification/runs/27/app/server/.pglite,,True
metrics-dashboard/no_verification/runs/28/app,OK-SHALLOW,backend/server.js,/sessions/quirky-inspiring-hypatia/mnt/eval-coding-agent-runs/runs/batch-20260613/metrics-dashboard/no_verification/runs/28/app/backend/pglite-data,,False
metrics-dashboard/no_verification/runs/29/app,OK-SHALLOW,server.js,/sessions/quirky-inspiring-hypatia/mnt/eval-coding-agent-runs/runs/batch-20260613/metrics-dashboard/no_verification/runs/29/app/pgdata,,False
metrics-dashboard/static/runs/1/app,OK-MKDIR,server/src/db.js,/sessions/quirky-inspiring-hypatia/mnt/eval-coding-agent-runs/runs/batch-20260613/metrics-dashboard/static/runs/1/app/server/data/metrics.db,,True
metrics-dashboard/static/runs/2/app,OK-SHALLOW,server/src/db.js,/sessions/quirky-inspiring-hypatia/mnt/eval-coding-agent-runs/runs/batch-20260613/metrics-dashboard/static/runs/2/app/.pglite-data,,False
metrics-dashboard/static/runs/3/app,OK-MKDIR,server/src/db.js,/sessions/quirky-inspiring-hypatia/mnt/eval-coding-agent-runs/runs/batch-20260613/metrics-dashboard/static/runs/3/app/server/data/pgdata,,True
metrics-dashboard/static/runs/4/app,OK-MKDIR,server/src/db.js,/sessions/quirky-inspiring-hypatia/mnt/eval-coding-agent-runs/runs/batch-20260613/metrics-dashboard/static/runs/4/app/server/data/pglite,,True
metrics-dashboard/static/runs/6/app,OK-SHALLOW,server/index.js,/sessions/quirky-inspiring-hypatia/mnt/eval-coding-agent-runs/runs/batch-20260613/metrics-dashboard/static/runs/6/app/pglite-data,,False
metrics-dashboard/static/runs/7/app,OK-SHALLOW,server/index.js,/sessions/quirky-inspiring-hypatia/mnt/eval-coding-agent-runs/runs/batch-20260613/metrics-dashboard/static/runs/7/app/pglite-data,,False
metrics-dashboard/static/runs/8/app,OK-MKDIR,server/index.js,/sessions/quirky-inspiring-hypatia/mnt/eval-coding-agent-runs/runs/batch-20260613/metrics-dashboard/static/runs/8/app/pglite-data,,True
metrics-dashboard/static/runs/9/app,OK-SHALLOW,server/index.js,/sessions/quirky-inspiring-hypatia/mnt/eval-coding-agent-runs/runs/batch-20260613/metrics-dashboard/static/runs/9/app/.pglite,,False
metrics-dashboard/static/runs/11/app,LATENT,server/src/db.js,/sessions/quirky-inspiring-hypatia/mnt/eval-coding-agent-runs/runs/batch-20260613/metrics-dashboard/static/runs/11/app/server/pgdata,/sessions/quirky-inspiring-hypatia/mnt/eval-coding-agent-runs/runs/batch-20260613/metrics-dashboard/static/runs/11/app/server,False
metrics-dashboard/static/runs/12/app,OK-SHALLOW,server/db.js,/sessions/quirky-inspiring-hypatia/mnt/eval-coding-agent-runs/runs/batch-20260613/metrics-dashboard/static/runs/12/app/.pgdata,,False
metrics-dashboard/static/runs/13/app,OK-SHALLOW,server/db.js,/sessions/quirky-inspiring-hypatia/mnt/eval-coding-agent-runs/runs/batch-20260613/metrics-dashboard/static/runs/13/app/.pgdata,,False
metrics-dashboard/static/runs/14/app,LATENT,server/src/db.js,/sessions/quirky-inspiring-hypatia/mnt/eval-coding-agent-runs/runs/batch-20260613/metrics-dashboard/static/runs/14/app/server/pgdata,/sessions/quirky-inspiring-hypatia/mnt/eval-coding-agent-runs/runs/batch-20260613/metrics-dashboard/static/runs/14/app/server,False
metrics-dashboard/static/runs/16/app,OK-SHALLOW,backend/server.js,/sessions/quirky-inspiring-hypatia/mnt/eval-coding-agent-runs/runs/batch-20260613/metrics-dashboard/static/runs/16/app/backend/pglite-data,,False
metrics-dashboard/static/runs/17/app,OK-SHALLOW,backend/server.js,/sessions/quirky-inspiring-hypatia/mnt/eval-coding-agent-runs/runs/batch-20260613/metrics-dashboard/static/runs/17/app/pglite-data,,False
metrics-dashboard/static/runs/18/app,OK-SHALLOW,backend/db.js,/sessions/quirky-inspiring-hypatia/mnt/eval-coding-agent-runs/runs/batch-20260613/metrics-dashboard/static/runs/18/app/pglite-data,,False
metrics-dashboard/static/runs/19/app,OK-SHALLOW,backend/server.js,/sessions/quirky-inspiring-hypatia/mnt/eval-coding-agent-runs/runs/batch-20260613/metrics-dashboard/static/runs/19/app/backend/pglite-data,,False
metrics-dashboard/static/runs/21/app,OK-SHALLOW,backend/db.js,/sessions/quirky-inspiring-hypatia/mnt/eval-coding-agent-runs/runs/batch-20260613/metrics-dashboard/static/runs/21/app/pgdata,,False
metrics-dashboard/static/runs/22/app,OK-SHALLOW,backend/db.js,/sessions/quirky-inspiring-hypatia/mnt/eval-coding-agent-runs/runs/batch-20260613/metrics-dashboard/static/runs/22/app/pgdata,,False
metrics-dashboard/static/runs/23/app,OK-SHALLOW,backend/db.js,/sessions/quirky-inspiring-hypatia/mnt/eval-coding-agent-runs/runs/batch-20260613/metrics-dashboard/static/runs/23/app/pgdata,,False
metrics-dashboard/static/runs/24/app,OK-SHALLOW,backend/db.js,/sessions/quirky-inspiring-hypatia/mnt/eval-coding-agent-runs/runs/batch-20260613/metrics-dashboard/static/runs/24/app/pgdata,,False
metrics-dashboard/static/runs/26/app,OK-SHALLOW,server/index.js,/sessions/quirky-inspiring-hypatia/mnt/eval-coding-agent-runs/runs/batch-20260613/metrics-dashboard/static/runs/26/app/pglite-data,,False
metrics-dashboard/static/runs/27/app,OK-SHALLOW,backend/server.js,/sessions/quirky-inspiring-hypatia/mnt/eval-coding-agent-runs/runs/batch-20260613/metrics-dashboard/static/runs/27/app/pglite-data,,False
metrics-dashboard/static/runs/28/app,OK-SHALLOW,backend/server.js,/sessions/quirky-inspiring-hypatia/mnt/eval-coding-agent-runs/runs/batch-20260613/metrics-dashboard/static/runs/28/app/backend/.pglite,,False
metrics-dashboard/static/runs/29/app,OK-SHALLOW,server/src/index.js,/sessions/quirky-inspiring-hypatia/mnt/eval-coding-agent-runs/runs/batch-20260613/metrics-dashboard/static/runs/29/app/metrics.db,,False
metrics-dashboard/visual/runs/1/app,OK-MKDIR,backend/server.js,/sessions/quirky-inspiring-hypatia/mnt/eval-coding-agent-runs/runs/batch-20260613/metrics-dashboard/visual/runs/1/app/backend/data/metrics.db,,True
metrics-dashboard/visual/runs/2/app,OK-MKDIR,server/index.js,/sessions/quirky-inspiring-hypatia/mnt/eval-coding-agent-runs/runs/batch-20260613/metrics-dashboard/visual/runs/2/app/data/pglite,,True
metrics-dashboard/visual/runs/3/app,OK-MKDIR,server/db.js,/sessions/quirky-inspiring-hypatia/mnt/eval-coding-agent-runs/runs/batch-20260613/metrics-dashboard/visual/runs/3/app/data/pglite,,True
metrics-dashboard/visual/runs/4/app,OK-MKDIR,backend/server.js,/sessions/quirky-inspiring-hypatia/mnt/eval-coding-agent-runs/runs/batch-20260613/metrics-dashboard/visual/runs/4/app/backend/data/pglite,,True
metrics-dashboard/visual/runs/6/app,LATENT,server.js,/sessions/quirky-inspiring-hypatia/mnt/eval-coding-agent-runs/runs/batch-20260613/metrics-dashboard/visual/runs/6/app/data/pglite,/sessions/quirky-inspiring-hypatia/mnt/eval-coding-agent-runs/runs/batch-20260613/metrics-dashboard/visual/runs/6/app/data,False
metrics-dashboard/visual/runs/7/app,OK-SHALLOW,server/index.js,/sessions/quirky-inspiring-hypatia/mnt/eval-coding-agent-runs/runs/batch-20260613/metrics-dashboard/visual/runs/7/app/pglite-data,,False
metrics-dashboard/visual/runs/8/app,OK-SHALLOW,server/index.js,/sessions/quirky-inspiring-hypatia/mnt/eval-coding-agent-runs/runs/batch-20260613/metrics-dashboard/visual/runs/8/app/pglite-data,,False
metrics-dashboard/visual/runs/9/app,OK-SHALLOW,server/index.js,/sessions/quirky-inspiring-hypatia/mnt/eval-coding-agent-runs/runs/batch-20260613/metrics-dashboard/visual/runs/9/app/.pglite-data,,False
metrics-dashboard/visual/runs/11/app,OK-MKDIR,server/src/db.js,/sessions/quirky-inspiring-hypatia/mnt/eval-coding-agent-runs/runs/batch-20260613/metrics-dashboard/visual/runs/11/app/server/pgdata,,True
metrics-dashboard/visual/runs/12/app,OK-SHALLOW,server/db.js,/sessions/quirky-inspiring-hypatia/mnt/eval-coding-agent-runs/runs/batch-20260613/metrics-dashboard/visual/runs/12/app/server/pgdata,,False
metrics-dashboard/visual/runs/13/app,OK-SHALLOW,server/db.js,/sessions/quirky-inspiring-hypatia/mnt/eval-coding-agent-runs/runs/batch-20260613/metrics-dashboard/visual/runs/13/app/server/pgdata,,False
metrics-dashboard/visual/runs/14/app,LATENT,server/src/db.js,/sessions/quirky-inspiring-hypatia/mnt/eval-coding-agent-runs/runs/batch-20260613/metrics-dashboard/visual/runs/14/app/server/pgdata,/sessions/quirky-inspiring-hypatia/mnt/eval-coding-agent-runs/runs/batch-20260613/metrics-dashboard/visual/runs/14/app/server,False
metrics-dashboard/visual/runs/16/app,OK-SHALLOW,server.js,/sessions/quirky-inspiring-hypatia/mnt/eval-coding-agent-runs/runs/batch-20260613/metrics-dashboard/visual/runs/16/app/pglite-data,,False
metrics-dashboard/visual/runs/17/app,OK-SHALLOW,backend/db.js,/sessions/quirky-inspiring-hypatia/mnt/eval-coding-agent-runs/runs/batch-20260613/metrics-dashboard/visual/runs/17/app/backend/pglite-data,,False
metrics-dashboard/visual/runs/18/app,OK-SHALLOW,backend/server.js,/sessions/quirky-inspiring-hypatia/mnt/eval-coding-agent-runs/runs/batch-20260613/metrics-dashboard/visual/runs/18/app/pglite-data,,False
metrics-dashboard/visual/runs/19/app,OK-SHALLOW,backend/server.js,/sessions/quirky-inspiring-hypatia/mnt/eval-coding-agent-runs/runs/batch-20260613/metrics-dashboard/visual/runs/19/app/backend/pglite-data,,False
metrics-dashboard/visual/runs/21/app,OK-SHALLOW,backend/server.js,/sessions/quirky-inspiring-hypatia/mnt/eval-coding-agent-runs/runs/batch-20260613/metrics-dashboard/visual/runs/21/app/pgdata,,False
metrics-dashboard/visual/runs/22/app,OK-SHALLOW,server/db.js,/sessions/quirky-inspiring-hypatia/mnt/eval-coding-agent-runs/runs/batch-20260613/metrics-dashboard/visual/runs/22/app/pgdata,,False
metrics-dashboard/visual/runs/23/app,OK-SHALLOW,backend/server.js,/sessions/quirky-inspiring-hypatia/mnt/eval-coding-agent-runs/runs/batch-20260613/metrics-dashboard/visual/runs/23/app/pgdata,,False
metrics-dashboard/visual/runs/24/app,OK-SHALLOW,server/index.js,/sessions/quirky-inspiring-hypatia/mnt/eval-coding-agent-runs/runs/batch-20260613/metrics-dashboard/visual/runs/24/app/pgdata,,False
metrics-dashboard/visual/runs/26/app,OK-SHALLOW,server/server.js,/sessions/quirky-inspiring-hypatia/mnt/eval-coding-agent-runs/runs/batch-20260613/metrics-dashboard/visual/runs/26/app/server/pgdata,,False
metrics-dashboard/visual/runs/27/app,OK-SHALLOW,server/index.js,/sessions/quirky-inspiring-hypatia/mnt/eval-coding-agent-runs/runs/batch-20260613/metrics-dashboard/visual/runs/27/app/server/metrics.db,,False
metrics-dashboard/visual/runs/28/app,OK-MKDIR,backend/server.js,/sessions/quirky-inspiring-hypatia/mnt/eval-coding-agent-runs/runs/batch-20260613/metrics-dashboard/visual/runs/28/app/backend/data,,True
metrics-dashboard/visual/runs/29/app,OK-SHALLOW,server/index.js,/sessions/quirky-inspiring-hypatia/mnt/eval-coding-agent-runs/runs/batch-20260613/metrics-dashboard/visual/runs/29/app/pglite-data,,False
metrics-dashboard/visual_no_shell/runs/1/app,WILL-FAIL,server/index.js,/sessions/quirky-inspiring-hypatia/mnt/eval-coding-agent-runs/runs/batch-20260613/metrics-dashboard/visual_no_shell/runs/1/app/data/db,/sessions/quirky-inspiring-hypatia/mnt/eval-coding-agent-runs/runs/batch-20260613/metrics-dashboard/visual_no_shell/runs/1/app/data,False
metrics-dashboard/visual_no_shell/runs/2/app,LATENT,server/index.js,/sessions/quirky-inspiring-hypatia/mnt/eval-coding-agent-runs/runs/batch-20260613/metrics-dashboard/visual_no_shell/runs/2/app/data/metrics.db,/sessions/quirky-inspiring-hypatia/mnt/eval-coding-agent-runs/runs/batch-20260613/metrics-dashboard/visual_no_shell/runs/2/app/data,False
metrics-dashboard/visual_no_shell/runs/3/app,OK-MKDIR,server/index.js,/sessions/quirky-inspiring-hypatia/mnt/eval-coding-agent-runs/runs/batch-20260613/metrics-dashboard/visual_no_shell/runs/3/app/data/pglite,,True
metrics-dashboard/visual_no_shell/runs/4/app,LATENT,server/index.js,/sessions/quirky-inspiring-hypatia/mnt/eval-coding-agent-runs/runs/batch-20260613/metrics-dashboard/visual_no_shell/runs/4/app/data/db,/sessions/quirky-inspiring-hypatia/mnt/eval-coding-agent-runs/runs/batch-20260613/metrics-dashboard/visual_no_shell/runs/4/app/data,False
metrics-dashboard/visual_no_shell/runs/5/app,OK-MKDIR,server/index.js,/sessions/quirky-inspiring-hypatia/mnt/eval-coding-agent-runs/runs/batch-20260613/metrics-dashboard/visual_no_shell/runs/5/app/data/db,,True
metrics-dashboard/visual_no_shell/runs/6/app,OK-MKDIR,server/index.js,/sessions/quirky-inspiring-hypatia/mnt/eval-coding-agent-runs/runs/batch-20260613/metrics-dashboard/visual_no_shell/runs/6/app/data/pglite,,True
metrics-dashboard/visual_no_shell/runs/7/app,OK-SHALLOW,server.js,/sessions/quirky-inspiring-hypatia/mnt/eval-coding-agent-runs/runs/batch-20260613/metrics-dashboard/visual_no_shell/runs/7/app/pglite-data,,False
metrics-dashboard/visual_no_shell/runs/8/app,OK-SHALLOW,server.js,/sessions/quirky-inspiring-hypatia/mnt/eval-coding-agent-runs/runs/batch-20260613/metrics-dashboard/visual_no_shell/runs/8/app/pglite-data,,False
metrics-dashboard/visual_no_shell/runs/9/app,OK-SHALLOW,server.js,/sessions/quirky-inspiring-hypatia/mnt/eval-coding-agent-runs/runs/batch-20260613/metrics-dashboard/visual_no_shell/runs/9/app/pglite-data,,False
metrics-dashboard/visual_no_shell/runs/10/app,OK-SHALLOW,server/index.js,/sessions/quirky-inspiring-hypatia/mnt/eval-coding-agent-runs/runs/batch-20260613/metrics-dashboard/visual_no_shell/runs/10/app/pgdata,,False
metrics-dashboard/visual_no_shell/runs/11/app,OK-MKDIR,server/db.js,/sessions/quirky-inspiring-hypatia/mnt/eval-coding-agent-runs/runs/batch-20260613/metrics-dashboard/visual_no_shell/runs/11/app/data/pgdata,,True
metrics-dashboard/visual_no_shell/runs/12/app,LATENT,server/src/db.js,/sessions/quirky-inspiring-hypatia/mnt/eval-coding-agent-runs/runs/batch-20260613/metrics-dashboard/visual_no_shell/runs/12/app/server/pgdata,/sessions/quirky-inspiring-hypatia/mnt/eval-coding-agent-runs/runs/batch-20260613/metrics-dashboard/visual_no_shell/runs/12/app/server,False
metrics-dashboard/visual_no_shell/runs/13/app,OK-MKDIR,server/src/db.js,/sessions/quirky-inspiring-hypatia/mnt/eval-coding-agent-runs/runs/batch-20260613/metrics-dashboard/visual_no_shell/runs/13/app/server/pgdata,,True
metrics-dashboard/visual_no_shell/runs/14/app,OK-SHALLOW,server/db.js,/sessions/quirky-inspiring-hypatia/mnt/eval-coding-agent-runs/runs/batch-20260613/metrics-dashboard/visual_no_shell/runs/14/app/server/pgdata,,False
metrics-dashboard/visual_no_shell/runs/15/app,OK-MKDIR,server/src/db.js,/sessions/quirky-inspiring-hypatia/mnt/eval-coding-agent-runs/runs/batch-20260613/metrics-dashboard/visual_no_shell/runs/15/app/server/.pgdata,,True
metrics-dashboard/visual_no_shell/runs/16/app,OK-SHALLOW,backend/server.js,/sessions/quirky-inspiring-hypatia/mnt/eval-coding-agent-runs/runs/batch-20260613/metrics-dashboard/visual_no_shell/runs/16/app/pglite-data,,False
metrics-dashboard/visual_no_shell/runs/17/app,OK-SHALLOW,server.js,/sessions/quirky-inspiring-hypatia/mnt/eval-coding-agent-runs/runs/batch-20260613/metrics-dashboard/visual_no_shell/runs/17/app/pglite-data,,False
metrics-dashboard/visual_no_shell/runs/18/app,OK-SHALLOW,backend/db.js,/sessions/quirky-inspiring-hypatia/mnt/eval-coding-agent-runs/runs/batch-20260613/metrics-dashboard/visual_no_shell/runs/18/app/backend/pglite-data3,,False
metrics-dashboard/visual_no_shell/runs/19/app,OK-SHALLOW,backend/db.js,/sessions/quirky-inspiring-hypatia/mnt/eval-coding-agent-runs/runs/batch-20260613/metrics-dashboard/visual_no_shell/runs/19/app/backend/pgdata,,False
metrics-dashboard/visual_no_shell/runs/20/app,OK-SHALLOW,backend/db.js,/sessions/quirky-inspiring-hypatia/mnt/eval-coding-agent-runs/runs/batch-20260613/metrics-dashboard/visual_no_shell/runs/20/app/backend/pglite-data,,False
metrics-dashboard/visual_no_shell/runs/21/app,OK-SHALLOW,server/index.js,/sessions/quirky-inspiring-hypatia/mnt/eval-coding-agent-runs/runs/batch-20260613/metrics-dashboard/visual_no_shell/runs/21/app/pgdata,,False
metrics-dashboard/visual_no_shell/runs/22/app,OK-SHALLOW,server/index.js,/sessions/quirky-inspiring-hypatia/mnt/eval-coding-agent-runs/runs/batch-20260613/metrics-dashboard/visual_no_shell/runs/22/app/pgdata,,False
metrics-dashboard/visual_no_shell/runs/23/app,OK-SHALLOW,server/index.js,/sessions/quirky-inspiring-hypatia/mnt/eval-coding-agent-runs/runs/batch-20260613/metrics-dashboard/visual_no_shell/runs/23/app/pgdata,,False
metrics-dashboard/visual_no_shell/runs/24/app,OK-SHALLOW,server/index.js,/sessions/quirky-inspiring-hypatia/mnt/eval-coding-agent-runs/runs/batch-20260613/metrics-dashboard/visual_no_shell/runs/24/app/pgdata,,False
metrics-dashboard/visual_no_shell/runs/25/app,OK-SHALLOW,server/index.js,/sessions/quirky-inspiring-hypatia/mnt/eval-coding-agent-runs/runs/batch-20260613/metrics-dashboard/visual_no_shell/runs/25/app/pgdata,,False
metrics-dashboard/visual_no_shell/runs/26/app,OK-SHALLOW,backend/server.js,/sessions/quirky-inspiring-hypatia/mnt/eval-coding-agent-runs/runs/batch-20260613/metrics-dashboard/visual_no_shell/runs/26/app/metrics.db,,False
metrics-dashboard/visual_no_shell/runs/27/app,OK-SHALLOW,server/index.js,/sessions/quirky-inspiring-hypatia/mnt/eval-coding-agent-runs/runs/batch-20260613/metrics-dashboard/visual_no_shell/runs/27/app/server/pglite-data,,False
metrics-dashboard/visual_no_shell/runs/28/app,OK-SHALLOW,backend/index.js,/sessions/quirky-inspiring-hypatia/mnt/eval-coding-agent-runs/runs/batch-20260613/metrics-dashboard/visual_no_shell/runs/28/app/pglite-data,,False
metrics-dashboard/visual_no_shell/runs/29/app,OK-SHALLOW,backend/server.js,/sessions/quirky-inspiring-hypatia/mnt/eval-coding-agent-runs/runs/batch-20260613/metrics-dashboard/visual_no_shell/runs/29/app/pgdata,,False
metrics-dashboard/visual_no_shell/runs/30/app,OK-SHALLOW,server/index.js,/sessions/quirky-inspiring-hypatia/mnt/eval-coding-agent-runs/runs/batch-20260613/metrics-dashboard/visual_no_shell/runs/30/app/server/metrics.db,,False
seat-booking/behavioral/runs/1/app,UNKNOWN,server/src/db.js,<dataDir>,,False
seat-booking/behavioral/runs/2/app,OK-MKDIR,server/src/db.js,/sessions/quirky-inspiring-hypatia/mnt/eval-coding-agent-runs/runs/batch-20260613/seat-booking/behavioral/runs/2/app/data/pglite,,True
seat-booking/behavioral/runs/3/app,OK-MEMORY,server/src/db.js,,,False
seat-booking/behavioral/runs/4/app,LATENT,backend/db.js,/sessions/quirky-inspiring-hypatia/mnt/eval-coding-agent-runs/runs/batch-20260613/seat-booking/behavioral/runs/4/app/data/seats.db,/sessions/quirky-inspiring-hypatia/mnt/eval-coding-agent-runs/runs/batch-20260613/seat-booking/behavioral/runs/4/app/data,False
seat-booking/behavioral/runs/6/app,OK-SHALLOW,src/db.js,/sessions/quirky-inspiring-hypatia/mnt/eval-coding-agent-runs/runs/batch-20260613/seat-booking/behavioral/runs/6/app/.pglite,,False
seat-booking/behavioral/runs/7/app,LATENT,server/index.js,/sessions/quirky-inspiring-hypatia/mnt/eval-coding-agent-runs/runs/batch-20260613/seat-booking/behavioral/runs/7/app/data/pglite,/sessions/quirky-inspiring-hypatia/mnt/eval-coding-agent-runs/runs/batch-20260613/seat-booking/behavioral/runs/7/app/data,False
seat-booking/behavioral/runs/8/app,OK-SHALLOW,server/index.js,/sessions/quirky-inspiring-hypatia/mnt/eval-coding-agent-runs/runs/batch-20260613/seat-booking/behavioral/runs/8/app/.pglite,,False
seat-booking/behavioral/runs/9/app,LATENT,server/index.js,/sessions/quirky-inspiring-hypatia/mnt/eval-coding-agent-runs/runs/batch-20260613/seat-booking/behavioral/runs/9/app/data/pglite,/sessions/quirky-inspiring-hypatia/mnt/eval-coding-agent-runs/runs/batch-20260613/seat-booking/behavioral/runs/9/app/data,False
seat-booking/behavioral/runs/11/app,UNKNOWN,server/db.js,<dataDir>,,False
seat-booking/behavioral/runs/12/app,OK-MEMORY,server/db.js,,,False
seat-booking/behavioral/runs/13/app,NO-PGLITE,,,,False
seat-booking/behavioral/runs/14/app,UNKNOWN,server/db.js,<dataDir>,,False
seat-booking/behavioral/runs/16/app,OK-SHALLOW,test.js,/sessions/quirky-inspiring-hypatia/mnt/eval-coding-agent-runs/runs/batch-20260613/seat-booking/behavioral/runs/16/app/seat-booking-db-test,,False
seat-booking/behavioral/runs/17/app,OK-SHALLOW,server.js,/sessions/quirky-inspiring-hypatia/mnt/eval-coding-agent-runs/runs/batch-20260613/seat-booking/behavioral/runs/17/app/pglite-data,,False
seat-booking/behavioral/runs/18/app,OK-SHALLOW,server/db.js,/sessions/quirky-inspiring-hypatia/mnt/eval-coding-agent-runs/runs/batch-20260613/seat-booking/behavioral/runs/18/app/server/pglite-data,,False
seat-booking/behavioral/runs/19/app,OK-SHALLOW,backend/db.js,/sessions/quirky-inspiring-hypatia/mnt/eval-coding-agent-runs/runs/batch-20260613/seat-booking/behavioral/runs/19/app/data,,False
seat-booking/behavioral/runs/21/app,UNKNOWN,backend/db.js,<dir>,,False
seat-booking/behavioral/runs/22/app,OK-SHALLOW,backend/db.js,/sessions/quirky-inspiring-hypatia/mnt/eval-coding-agent-runs/runs/batch-20260613/seat-booking/behavioral/runs/22/app/pgdata,,False
seat-booking/behavioral/runs/23/app,OK-SHALLOW,backend/db.js,/sessions/quirky-inspiring-hypatia/mnt/eval-coding-agent-runs/runs/batch-20260613/seat-booking/behavioral/runs/23/app/pgdata,,False
seat-booking/behavioral/runs/24/app,OK-SHALLOW,backend/db.js,/sessions/quirky-inspiring-hypatia/mnt/eval-coding-agent-runs/runs/batch-20260613/seat-booking/behavioral/runs/24/app/pgdata,,False
seat-booking/behavioral/runs/26/app,OK-SHALLOW,backend/server.js,/sessions/quirky-inspiring-hypatia/mnt/eval-coding-agent-runs/runs/batch-20260613/seat-booking/behavioral/runs/26/app/backend/seat_booking.db,,False
seat-booking/behavioral/runs/27/app,OK-SHALLOW,server/db.js,/sessions/quirky-inspiring-hypatia/mnt/eval-coding-agent-runs/runs/batch-20260613/seat-booking/behavioral/runs/27/app/seat-booking-data,,False
seat-booking/behavioral/runs/28/app,OK-SHALLOW,server/index.js,/sessions/quirky-inspiring-hypatia/mnt/eval-coding-agent-runs/runs/batch-20260613/seat-booking/behavioral/runs/28/app/pgdata,,False
seat-booking/behavioral/runs/29/app,OK-SHALLOW,server.js,/sessions/quirky-inspiring-hypatia/mnt/eval-coding-agent-runs/runs/batch-20260613/seat-booking/behavioral/runs/29/app/seat-booking.db,,False
seat-booking/boot_check/runs/1/app,LATENT,server/db.js,/sessions/quirky-inspiring-hypatia/mnt/eval-coding-agent-runs/runs/batch-20260613/seat-booking/boot_check/runs/1/app/data/pglite,/sessions/quirky-inspiring-hypatia/mnt/eval-coding-agent-runs/runs/batch-20260613/seat-booking/boot_check/runs/1/app/data,False
seat-booking/boot_check/runs/2/app,OK-MKDIR,server/db.js,/sessions/quirky-inspiring-hypatia/mnt/eval-coding-agent-runs/runs/batch-20260613/seat-booking/boot_check/runs/2/app/data/pglite,,True
seat-booking/boot_check/runs/3/app,OK-MKDIR,server/db.js,/sessions/quirky-inspiring-hypatia/mnt/eval-coding-agent-runs/runs/batch-20260613/seat-booking/boot_check/runs/3/app/data/pglite,,True
seat-booking/boot_check/runs/4/app,LATENT,server/db.js,/sessions/quirky-inspiring-hypatia/mnt/eval-coding-agent-runs/runs/batch-20260613/seat-booking/boot_check/runs/4/app/data/pglite,/sessions/quirky-inspiring-hypatia/mnt/eval-coding-agent-runs/runs/batch-20260613/seat-booking/boot_check/runs/4/app/data,False
seat-booking/boot_check/runs/5/app,OK-MKDIR,server/db.js,/sessions/quirky-inspiring-hypatia/mnt/eval-coding-agent-runs/runs/batch-20260613/seat-booking/boot_check/runs/5/app/data/pglite,,True
seat-booking/boot_check/runs/6/app,OK-MKDIR,server/index.js,/sessions/quirky-inspiring-hypatia/mnt/eval-coding-agent-runs/runs/batch-20260613/seat-booking/boot_check/runs/6/app/data/pglite,,True
seat-booking/boot_check/runs/7/app,OK-SHALLOW,server/index.js,/sessions/quirky-inspiring-hypatia/mnt/eval-coding-agent-runs/runs/batch-20260613/seat-booking/boot_check/runs/7/app/pgdata,,False
seat-booking/boot_check/runs/8/app,OK-SHALLOW,server/index.js,/sessions/quirky-inspiring-hypatia/mnt/eval-coding-agent-runs/runs/batch-20260613/seat-booking/boot_check/runs/8/app/pglite-data,,False
seat-booking/boot_check/runs/9/app,OK-SHALLOW,server/index.js,/sessions/quirky-inspiring-hypatia/mnt/eval-coding-agent-runs/runs/batch-20260613/seat-booking/boot_check/runs/9/app/pglite-data,,False
seat-booking/boot_check/runs/10/app,OK-MKDIR,server/index.js,/sessions/quirky-inspiring-hypatia/mnt/eval-coding-agent-runs/runs/batch-20260613/seat-booking/boot_check/runs/10/app/data/pglite,,True
seat-booking/boot_check/runs/11/app,OK-SHALLOW,server/db.js,/sessions/quirky-inspiring-hypatia/mnt/eval-coding-agent-runs/runs/batch-20260613/seat-booking/boot_check/runs/11/app/pgdata,,False
seat-booking/boot_check/runs/12/app,OK-MKDIR,server/db.js,/sessions/quirky-inspiring-hypatia/mnt/eval-coding-agent-runs/runs/batch-20260613/seat-booking/boot_check/runs/12/app/.pgdata,,True
seat-booking/boot_check/runs/13/app,OK-MKDIR,server/db.js,/sessions/quirky-inspiring-hypatia/mnt/eval-coding-agent-runs/runs/batch-20260613/seat-booking/boot_check/runs/13/app/data/pgdata,,True
seat-booking/boot_check/runs/14/app,OK-MKDIR,server/db.js,/sessions/quirky-inspiring-hypatia/mnt/eval-coding-agent-runs/runs/batch-20260613/seat-booking/boot_check/runs/14/app/pgdata,,True
seat-booking/boot_check/runs/15/app,OK-MKDIR,server/db.js,/sessions/quirky-inspiring-hypatia/mnt/eval-coding-agent-runs/runs/batch-20260613/seat-booking/boot_check/runs/15/app/data/pgdata,,True
seat-booking/boot_check/runs/16/app,OK-SHALLOW,server.js,/sessions/quirky-inspiring-hypatia/mnt/eval-coding-agent-runs/runs/batch-20260613/seat-booking/boot_check/runs/16/app/pglite-data,,False
seat-booking/boot_check/runs/17/app,OK-SHALLOW,server/index.js,/sessions/quirky-inspiring-hypatia/mnt/eval-coding-agent-runs/runs/batch-20260613/seat-booking/boot_check/runs/17/app/db,,False
seat-booking/boot_check/runs/18/app,OK-SHALLOW,server.js,/sessions/quirky-inspiring-hypatia/mnt/eval-coding-agent-runs/runs/batch-20260613/seat-booking/boot_check/runs/18/app/db,,False
seat-booking/boot_check/runs/19/app,OK-SHALLOW,server.js,/sessions/quirky-inspiring-hypatia/mnt/eval-coding-agent-runs/runs/batch-20260613/seat-booking/boot_check/runs/19/app/db,,False
seat-booking/boot_check/runs/20/app,OK-SHALLOW,backend/db.js,/sessions/quirky-inspiring-hypatia/mnt/eval-coding-agent-runs/runs/batch-20260613/seat-booking/boot_check/runs/20/app/.pglite,,False
seat-booking/boot_check/runs/21/app,OK-SHALLOW,backend/db.js,/sessions/quirky-inspiring-hypatia/mnt/eval-coding-agent-runs/runs/batch-20260613/seat-booking/boot_check/runs/21/app/pgdata,,False
seat-booking/boot_check/runs/22/app,OK-SHALLOW,backend/db.js,/sessions/quirky-inspiring-hypatia/mnt/eval-coding-agent-runs/runs/batch-20260613/seat-booking/boot_check/runs/22/app/pgdata,,False
seat-booking/boot_check/runs/23/app,OK-SHALLOW,backend/db.js,/sessions/quirky-inspiring-hypatia/mnt/eval-coding-agent-runs/runs/batch-20260613/seat-booking/boot_check/runs/23/app/pgdata,,False
seat-booking/boot_check/runs/24/app,OK-SHALLOW,server/db.js,/sessions/quirky-inspiring-hypatia/mnt/eval-coding-agent-runs/runs/batch-20260613/seat-booking/boot_check/runs/24/app/pgdata,,False
seat-booking/boot_check/runs/25/app,OK-SHALLOW,backend/db.js,/sessions/quirky-inspiring-hypatia/mnt/eval-coding-agent-runs/runs/batch-20260613/seat-booking/boot_check/runs/25/app/pgdata,,False
seat-booking/boot_check/runs/26/app,OK-SHALLOW,server/db.js,/sessions/quirky-inspiring-hypatia/mnt/eval-coding-agent-runs/runs/batch-20260613/seat-booking/boot_check/runs/26/app/seat-booking-data,,False
seat-booking/boot_check/runs/27/app,OK-MKDIR,server/index.js,/sessions/quirky-inspiring-hypatia/mnt/eval-coding-agent-runs/runs/batch-20260613/seat-booking/boot_check/runs/27/app/data/pglite,,True
seat-booking/boot_check/runs/28/app,OK-SHALLOW,server/index.js,/sessions/quirky-inspiring-hypatia/mnt/eval-coding-agent-runs/runs/batch-20260613/seat-booking/boot_check/runs/28/app/seat-booking-data,,False
seat-booking/boot_check/runs/29/app,OK-SHALLOW,backend/server.js,/sessions/quirky-inspiring-hypatia/mnt/eval-coding-agent-runs/runs/batch-20260613/seat-booking/boot_check/runs/29/app/.pglite,,False
seat-booking/boot_check/runs/30/app,OK-SHALLOW,backend/server.js,/sessions/quirky-inspiring-hypatia/mnt/eval-coding-agent-runs/runs/batch-20260613/seat-booking/boot_check/runs/30/app/backend/seats.db,,False
seat-booking/delayed_verification/runs/1/app,OK-MKDIR,backend/db.js,/sessions/quirky-inspiring-hypatia/mnt/eval-coding-agent-runs/runs/batch-20260613/seat-booking/delayed_verification/runs/1/app/data/pglite,,True
seat-booking/delayed_verification/runs/2/app,OK-MKDIR,backend/db.js,/sessions/quirky-inspiring-hypatia/mnt/eval-coding-agent-runs/runs/batch-20260613/seat-booking/delayed_verification/runs/2/app/data/pglite,,True
seat-booking/delayed_verification/runs/3/app,LATENT,backend/db.js,/sessions/quirky-inspiring-hypatia/mnt/eval-coding-agent-runs/runs/batch-20260613/seat-booking/delayed_verification/runs/3/app/data/pglite,/sessions/quirky-inspiring-hypatia/mnt/eval-coding-agent-runs/runs/batch-20260613/seat-booking/delayed_verification/runs/3/app/data,False
seat-booking/delayed_verification/runs/4/app,LATENT,test_full_expiry.mjs,/sessions/quirky-inspiring-hypatia/mnt/eval-coding-agent-runs/runs/batch-20260613/seat-booking/delayed_verification/runs/4/app/data/pglite,/sessions/quirky-inspiring-hypatia/mnt/eval-coding-agent-runs/runs/batch-20260613/seat-booking/delayed_verification/runs/4/app/data,False
seat-booking/delayed_verification/runs/5/app,OK-MKDIR,server/db.js,/sessions/quirky-inspiring-hypatia/mnt/eval-coding-agent-runs/runs/batch-20260613/seat-booking/delayed_verification/runs/5/app/data/pglite,,True
seat-booking/delayed_verification/runs/6/app,OK-MKDIR,server/index.js,/sessions/quirky-inspiring-hypatia/mnt/eval-coding-agent-runs/runs/batch-20260613/seat-booking/delayed_verification/runs/6/app/data/pglite,,True
seat-booking/delayed_verification/runs/7/app,OK-SHALLOW,server/index.js,/sessions/quirky-inspiring-hypatia/mnt/eval-coding-agent-runs/runs/batch-20260613/seat-booking/delayed_verification/runs/7/app/.pglite,,False
seat-booking/delayed_verification/runs/8/app,OK-MKDIR,server/index.js,/sessions/quirky-inspiring-hypatia/mnt/eval-coding-agent-runs/runs/batch-20260613/seat-booking/delayed_verification/runs/8/app/data/pglite,,True
seat-booking/delayed_verification/runs/9/app,LATENT,server/index.js,/sessions/quirky-inspiring-hypatia/mnt/eval-coding-agent-runs/runs/batch-20260613/seat-booking/delayed_verification/runs/9/app/data/pglite,/sessions/quirky-inspiring-hypatia/mnt/eval-coding-agent-runs/runs/batch-20260613/seat-booking/delayed_verification/runs/9/app/data,False
seat-booking/delayed_verification/runs/10/app,OK-MKDIR,server/index.js,/sessions/quirky-inspiring-hypatia/mnt/eval-coding-agent-runs/runs/batch-20260613/seat-booking/delayed_verification/runs/10/app/server/data/pglite,,True
seat-booking/delayed_verification/runs/11/app,OK-SHALLOW,server/db.js,/sessions/quirky-inspiring-hypatia/mnt/eval-coding-agent-runs/runs/batch-20260613/seat-booking/delayed_verification/runs/11/app/server/.pgdata,,False
seat-booking/delayed_verification/runs/12/app,OK-SHALLOW,server/db.js,/sessions/quirky-inspiring-hypatia/mnt/eval-coding-agent-runs/runs/batch-20260613/seat-booking/delayed_verification/runs/12/app/server/.pgdata,,False
seat-booking/delayed_verification/runs/13/app,OK-SHALLOW,server/db.js,/sessions/quirky-inspiring-hypatia/mnt/eval-coding-agent-runs/runs/batch-20260613/seat-booking/delayed_verification/runs/13/app/server/.pgdata,,False
seat-booking/delayed_verification/runs/14/app,OK-SHALLOW,server/db.js,/sessions/quirky-inspiring-hypatia/mnt/eval-coding-agent-runs/runs/batch-20260613/seat-booking/delayed_verification/runs/14/app/pgdata,,False
seat-booking/delayed_verification/runs/15/app,OK-SHALLOW,backend/src/db.js,/sessions/quirky-inspiring-hypatia/mnt/eval-coding-agent-runs/runs/batch-20260613/seat-booking/delayed_verification/runs/15/app/pgdata,,False
seat-booking/delayed_verification/runs/16/app,OK-SHALLOW,backend/server.js,/sessions/quirky-inspiring-hypatia/mnt/eval-coding-agent-runs/runs/batch-20260613/seat-booking/delayed_verification/runs/16/app/pglite-data,,False
seat-booking/delayed_verification/runs/17/app,OK-SHALLOW,server.js,/sessions/quirky-inspiring-hypatia/mnt/eval-coding-agent-runs/runs/batch-20260613/seat-booking/delayed_verification/runs/17/app/db,,False
seat-booking/delayed_verification/runs/18/app,OK-SHALLOW,server/index.js,/sessions/quirky-inspiring-hypatia/mnt/eval-coding-agent-runs/runs/batch-20260613/seat-booking/delayed_verification/runs/18/app/db_data,,False
seat-booking/delayed_verification/runs/19/app,OK-SHALLOW,backend/db.js,/sessions/quirky-inspiring-hypatia/mnt/eval-coding-agent-runs/runs/batch-20260613/seat-booking/delayed_verification/runs/19/app/pglite-data,,False
seat-booking/delayed_verification/runs/20/app,OK-SHALLOW,backend/db.js,/sessions/quirky-inspiring-hypatia/mnt/eval-coding-agent-runs/runs/batch-20260613/seat-booking/delayed_verification/runs/20/app/data,,False
seat-booking/delayed_verification/runs/21/app,OK-SHALLOW,backend/db.js,/sessions/quirky-inspiring-hypatia/mnt/eval-coding-agent-runs/runs/batch-20260613/seat-booking/delayed_verification/runs/21/app/pgdata,,False
seat-booking/delayed_verification/runs/22/app,OK-SHALLOW,backend/db.js,/sessions/quirky-inspiring-hypatia/mnt/eval-coding-agent-runs/runs/batch-20260613/seat-booking/delayed_verification/runs/22/app/backend/pgdata,,False
seat-booking/delayed_verification/runs/23/app,OK-SHALLOW,backend/db.js,/sessions/quirky-inspiring-hypatia/mnt/eval-coding-agent-runs/runs/batch-20260613/seat-booking/delayed_verification/runs/23/app/pgdata,,False
seat-booking/delayed_verification/runs/24/app,OK-SHALLOW,backend/db.js,/sessions/quirky-inspiring-hypatia/mnt/eval-coding-agent-runs/runs/batch-20260613/seat-booking/delayed_verification/runs/24/app/pgdata,,False
seat-booking/delayed_verification/runs/25/app,OK-SHALLOW,backend/db.js,/sessions/quirky-inspiring-hypatia/mnt/eval-coding-agent-runs/runs/batch-20260613/seat-booking/delayed_verification/runs/25/app/pgdata,,False
seat-booking/delayed_verification/runs/26/app,OK-SHALLOW,server.js,/sessions/quirky-inspiring-hypatia/mnt/eval-coding-agent-runs/runs/batch-20260613/seat-booking/delayed_verification/runs/26/app/pgdata,,False
seat-booking/delayed_verification/runs/27/app,OK-SHALLOW,server.js,/sessions/quirky-inspiring-hypatia/mnt/eval-coding-agent-runs/runs/batch-20260613/seat-booking/delayed_verification/runs/27/app/pglite-data,,False
seat-booking/delayed_verification/runs/28/app,OK-SHALLOW,backend/db.js,/sessions/quirky-inspiring-hypatia/mnt/eval-coding-agent-runs/runs/batch-20260613/seat-booking/delayed_verification/runs/28/app/seat_booking.db,,False
seat-booking/delayed_verification/runs/29/app,OK-SHALLOW,server/db.js,/sessions/quirky-inspiring-hypatia/mnt/eval-coding-agent-runs/runs/batch-20260613/seat-booking/delayed_verification/runs/29/app/seat-booking-data,,False
seat-booking/delayed_verification/runs/30/app,OK-SHALLOW,backend/server.js,/sessions/quirky-inspiring-hypatia/mnt/eval-coding-agent-runs/runs/batch-20260613/seat-booking/delayed_verification/runs/30/app/backend/pgdata,,False
seat-booking/execution/runs/1/app,LATENT,backend/src/db.js,/sessions/quirky-inspiring-hypatia/mnt/eval-coding-agent-runs/runs/batch-20260613/seat-booking/execution/runs/1/app/backend/data/pglite,/sessions/quirky-inspiring-hypatia/mnt/eval-coding-agent-runs/runs/batch-20260613/seat-booking/execution/runs/1/app/backend/data,False
seat-booking/execution/runs/2/app,LATENT,backend/src/db.js,/sessions/quirky-inspiring-hypatia/mnt/eval-coding-agent-runs/runs/batch-20260613/seat-booking/execution/runs/2/app/data/pglite,/sessions/quirky-inspiring-hypatia/mnt/eval-coding-agent-runs/runs/batch-20260613/seat-booking/execution/runs/2/app/data,False
seat-booking/execution/runs/3/app,LATENT,backend/src/db.js,/sessions/quirky-inspiring-hypatia/mnt/eval-coding-agent-runs/runs/batch-20260613/seat-booking/execution/runs/3/app/backend/data/pglite,/sessions/quirky-inspiring-hypatia/mnt/eval-coding-agent-runs/runs/batch-20260613/seat-booking/execution/runs/3/app/backend/data,False
seat-booking/execution/runs/4/app,LATENT,backend/src/db.js,/sessions/quirky-inspiring-hypatia/mnt/eval-coding-agent-runs/runs/batch-20260613/seat-booking/execution/runs/4/app/backend/data/pglite,/sessions/quirky-inspiring-hypatia/mnt/eval-coding-agent-runs/runs/batch-20260613/seat-booking/execution/runs/4/app/backend/data,False
seat-booking/execution/runs/5/app,LATENT,backend/src/db.js,/sessions/quirky-inspiring-hypatia/mnt/eval-coding-agent-runs/runs/batch-20260613/seat-booking/execution/runs/5/app/backend/data/pglite,/sessions/quirky-inspiring-hypatia/mnt/eval-coding-agent-runs/runs/batch-20260613/seat-booking/execution/runs/5/app/backend/data,False
seat-booking/execution/runs/6/app,OK-MKDIR,server/database.js,/sessions/quirky-inspiring-hypatia/mnt/eval-coding-agent-runs/runs/batch-20260613/seat-booking/execution/runs/6/app/data/pglite,,True
seat-booking/execution/runs/7/app,OK-MKDIR,server/index.js,/sessions/quirky-inspiring-hypatia/mnt/eval-coding-agent-runs/runs/batch-20260613/seat-booking/execution/runs/7/app/data/pglite,,True
seat-booking/execution/runs/8/app,OK-SHALLOW,server/index.js,/sessions/quirky-inspiring-hypatia/mnt/eval-coding-agent-runs/runs/batch-20260613/seat-booking/execution/runs/8/app/.pglite-data,,False
seat-booking/execution/runs/9/app,LATENT,server/index.js,/sessions/quirky-inspiring-hypatia/mnt/eval-coding-agent-runs/runs/batch-20260613/seat-booking/execution/runs/9/app/data/pglite,/sessions/quirky-inspiring-hypatia/mnt/eval-coding-agent-runs/runs/batch-20260613/seat-booking/execution/runs/9/app/data,False
seat-booking/execution/runs/10/app,OK-SHALLOW,server/index.js,/sessions/quirky-inspiring-hypatia/mnt/eval-coding-agent-runs/runs/batch-20260613/seat-booking/execution/runs/10/app/pglite-data,,False
seat-booking/execution/runs/11/app,NO-PGLITE,,,,False
seat-booking/execution/runs/12/app,OK-SHALLOW,server/db.js,/sessions/quirky-inspiring-hypatia/mnt/eval-coding-agent-runs/runs/batch-20260613/seat-booking/execution/runs/12/app/pgdata,,False
seat-booking/execution/runs/13/app,OK-SHALLOW,server/db.js,/sessions/quirky-inspiring-hypatia/mnt/eval-coding-agent-runs/runs/batch-20260613/seat-booking/execution/runs/13/app/pgdata,,False
seat-booking/execution/runs/14/app,OK-SHALLOW,server/db.js,/sessions/quirky-inspiring-hypatia/mnt/eval-coding-agent-runs/runs/batch-20260613/seat-booking/execution/runs/14/app/pgdata,,False
seat-booking/execution/runs/15/app,OK-SHALLOW,server/db.js,/sessions/quirky-inspiring-hypatia/mnt/eval-coding-agent-runs/runs/batch-20260613/seat-booking/execution/runs/15/app/server/.pgdata,,False
seat-booking/execution/runs/16/app,OK-SHALLOW,backend/server.js,/sessions/quirky-inspiring-hypatia/mnt/eval-coding-agent-runs/runs/batch-20260613/seat-booking/execution/runs/16/app/db,,False
seat-booking/execution/runs/17/app,OK-SHALLOW,server.js,/sessions/quirky-inspiring-hypatia/mnt/eval-coding-agent-runs/runs/batch-20260613/seat-booking/execution/runs/17/app/db,,False
seat-booking/execution/runs/18/app,OK-SHALLOW,server.js,/sessions/quirky-inspiring-hypatia/mnt/eval-coding-agent-runs/runs/batch-20260613/seat-booking/execution/runs/18/app/db,,False
seat-booking/execution/runs/19/app,OK-SHALLOW,backend/server.js,/sessions/quirky-inspiring-hypatia/mnt/eval-coding-agent-runs/runs/batch-20260613/seat-booking/execution/runs/19/app/backend/pglite-data,,False
seat-booking/execution/runs/20/app,OK-SHALLOW,server.js,/sessions/quirky-inspiring-hypatia/mnt/eval-coding-agent-runs/runs/batch-20260613/seat-booking/execution/runs/20/app/db,,False
seat-booking/execution/runs/21/app,OK-SHALLOW,backend/db.js,/sessions/quirky-inspiring-hypatia/mnt/eval-coding-agent-runs/runs/batch-20260613/seat-booking/execution/runs/21/app/pgdata,,False
seat-booking/execution/runs/22/app,OK-SHALLOW,backend/db.js,/sessions/quirky-inspiring-hypatia/mnt/eval-coding-agent-runs/runs/batch-20260613/seat-booking/execution/runs/22/app/pgdata,,False
seat-booking/execution/runs/23/app,OK-SHALLOW,backend/db.js,/sessions/quirky-inspiring-hypatia/mnt/eval-coding-agent-runs/runs/batch-20260613/seat-booking/execution/runs/23/app/pgdata,,False
seat-booking/execution/runs/24/app,OK-SHALLOW,server/db.js,/sessions/quirky-inspiring-hypatia/mnt/eval-coding-agent-runs/runs/batch-20260613/seat-booking/execution/runs/24/app/pgdata,,False
seat-booking/execution/runs/25/app,OK-SHALLOW,backend/db.js,/sessions/quirky-inspiring-hypatia/mnt/eval-coding-agent-runs/runs/batch-20260613/seat-booking/execution/runs/25/app/pgdata,,False
seat-booking/execution/runs/26/app,OK-SHALLOW,server.js,/sessions/quirky-inspiring-hypatia/mnt/eval-coding-agent-runs/runs/batch-20260613/seat-booking/execution/runs/26/app/seat_booking_db,,False
seat-booking/execution/runs/27/app,OK-SHALLOW,server.js,/sessions/quirky-inspiring-hypatia/mnt/eval-coding-agent-runs/runs/batch-20260613/seat-booking/execution/runs/27/app/pgdata,,False
seat-booking/execution/runs/28/app,OK-SHALLOW,backend/server.js,/sessions/quirky-inspiring-hypatia/mnt/eval-coding-agent-runs/runs/batch-20260613/seat-booking/execution/runs/28/app/seat-booking-data,,False
seat-booking/execution/runs/29/app,OK-SHALLOW,server.js,/sessions/quirky-inspiring-hypatia/mnt/eval-coding-agent-runs/runs/batch-20260613/seat-booking/execution/runs/29/app/seat-booking-data,,False
seat-booking/execution/runs/30/app,OK-SHALLOW,backend/index.js,/sessions/quirky-inspiring-hypatia/mnt/eval-coding-agent-runs/runs/batch-20260613/seat-booking/execution/runs/30/app/pgdata,,False
seat-booking/no_verification/runs/1/app,LATENT,backend/db.js,/sessions/quirky-inspiring-hypatia/mnt/eval-coding-agent-runs/runs/batch-20260613/seat-booking/no_verification/runs/1/app/data/pglite,/sessions/quirky-inspiring-hypatia/mnt/eval-coding-agent-runs/runs/batch-20260613/seat-booking/no_verification/runs/1/app/data,False
seat-booking/no_verification/runs/2/app,LATENT,backend/db.js,/sessions/quirky-inspiring-hypatia/mnt/eval-coding-agent-runs/runs/batch-20260613/seat-booking/no_verification/runs/2/app/data/pglite,/sessions/quirky-inspiring-hypatia/mnt/eval-coding-agent-runs/runs/batch-20260613/seat-booking/no_verification/runs/2/app/data,False
seat-booking/no_verification/runs/3/app,LATENT,backend/db.js,/sessions/quirky-inspiring-hypatia/mnt/eval-coding-agent-runs/runs/batch-20260613/seat-booking/no_verification/runs/3/app/data/pglite,/sessions/quirky-inspiring-hypatia/mnt/eval-coding-agent-runs/runs/batch-20260613/seat-booking/no_verification/runs/3/app/data,False
seat-booking/no_verification/runs/4/app,LATENT,backend/db.js,/sessions/quirky-inspiring-hypatia/mnt/eval-coding-agent-runs/runs/batch-20260613/seat-booking/no_verification/runs/4/app/data/pglite,/sessions/quirky-inspiring-hypatia/mnt/eval-coding-agent-runs/runs/batch-20260613/seat-booking/no_verification/runs/4/app/data,False
seat-booking/no_verification/runs/5/app,LATENT,backend/db.js,/sessions/quirky-inspiring-hypatia/mnt/eval-coding-agent-runs/runs/batch-20260613/seat-booking/no_verification/runs/5/app/data/pglite,/sessions/quirky-inspiring-hypatia/mnt/eval-coding-agent-runs/runs/batch-20260613/seat-booking/no_verification/runs/5/app/data,False
seat-booking/no_verification/runs/6/app,OK-SHALLOW,server/index.js,/sessions/quirky-inspiring-hypatia/mnt/eval-coding-agent-runs/runs/batch-20260613/seat-booking/no_verification/runs/6/app/pgdata,,False
seat-booking/no_verification/runs/7/app,LATENT,backend/server.js,/sessions/quirky-inspiring-hypatia/mnt/eval-coding-agent-runs/runs/batch-20260613/seat-booking/no_verification/runs/7/app/data/pglite,/sessions/quirky-inspiring-hypatia/mnt/eval-coding-agent-runs/runs/batch-20260613/seat-booking/no_verification/runs/7/app/data,False
seat-booking/no_verification/runs/8/app,OK-SHALLOW,backend/server.js,/sessions/quirky-inspiring-hypatia/mnt/eval-coding-agent-runs/runs/batch-20260613/seat-booking/no_verification/runs/8/app/backend/data,,False
seat-booking/no_verification/runs/9/app,OK-SHALLOW,server/server.js,/sessions/quirky-inspiring-hypatia/mnt/eval-coding-agent-runs/runs/batch-20260613/seat-booking/no_verification/runs/9/app/pglite-data,,False
seat-booking/no_verification/runs/10/app,OK-SHALLOW,server/index.js,/sessions/quirky-inspiring-hypatia/mnt/eval-coding-agent-runs/runs/batch-20260613/seat-booking/no_verification/runs/10/app/.pglite,,False
seat-booking/no_verification/runs/11/app,OK-MKDIR,server/db.js,/sessions/quirky-inspiring-hypatia/mnt/eval-coding-agent-runs/runs/batch-20260613/seat-booking/no_verification/runs/11/app/data/pgdata,,True
seat-booking/no_verification/runs/12/app,OK-MKDIR,backend/db.js,/sessions/quirky-inspiring-hypatia/mnt/eval-coding-agent-runs/runs/batch-20260613/seat-booking/no_verification/runs/12/app/data/pgdata,,True
seat-booking/no_verification/runs/13/app,OK-SHALLOW,server/db.js,/sessions/quirky-inspiring-hypatia/mnt/eval-coding-agent-runs/runs/batch-20260613/seat-booking/no_verification/runs/13/app/.pgdata,,False
seat-booking/no_verification/runs/14/app,OK-SHALLOW,server/db.js,/sessions/quirky-inspiring-hypatia/mnt/eval-coding-agent-runs/runs/batch-20260613/seat-booking/no_verification/runs/14/app/pgdata,,False
seat-booking/no_verification/runs/15/app,LATENT,server/db.js,/sessions/quirky-inspiring-hypatia/mnt/eval-coding-agent-runs/runs/batch-20260613/seat-booking/no_verification/runs/15/app/server/data/pgdata,/sessions/quirky-inspiring-hypatia/mnt/eval-coding-agent-runs/runs/batch-20260613/seat-booking/no_verification/runs/15/app/server/data,False
seat-booking/no_verification/runs/16/app,OK-SHALLOW,backend/server.js,/sessions/quirky-inspiring-hypatia/mnt/eval-coding-agent-runs/runs/batch-20260613/seat-booking/no_verification/runs/16/app/db,,False
seat-booking/no_verification/runs/17/app,OK-SHALLOW,server.js,/sessions/quirky-inspiring-hypatia/mnt/eval-coding-agent-runs/runs/batch-20260613/seat-booking/no_verification/runs/17/app/db,,False
seat-booking/no_verification/runs/18/app,OK-SHALLOW,backend/db.js,/sessions/quirky-inspiring-hypatia/mnt/eval-coding-agent-runs/runs/batch-20260613/seat-booking/no_verification/runs/18/app/backend/pglite-data,,False
seat-booking/no_verification/runs/19/app,OK-SHALLOW,server.js,/sessions/quirky-inspiring-hypatia/mnt/eval-coding-agent-runs/runs/batch-20260613/seat-booking/no_verification/runs/19/app/db,,False
seat-booking/no_verification/runs/20/app,OK-SHALLOW,backend/server.js,/sessions/quirky-inspiring-hypatia/mnt/eval-coding-agent-runs/runs/batch-20260613/seat-booking/no_verification/runs/20/app/db,,False
seat-booking/no_verification/runs/21/app,OK-SHALLOW,backend/db.js,/sessions/quirky-inspiring-hypatia/mnt/eval-coding-agent-runs/runs/batch-20260613/seat-booking/no_verification/runs/21/app/pgdata,,False
seat-booking/no_verification/runs/22/app,OK-SHALLOW,backend/db.js,/sessions/quirky-inspiring-hypatia/mnt/eval-coding-agent-runs/runs/batch-20260613/seat-booking/no_verification/runs/22/app/pgdata,,False
seat-booking/no_verification/runs/23/app,OK-SHALLOW,backend/db.js,/sessions/quirky-inspiring-hypatia/mnt/eval-coding-agent-runs/runs/batch-20260613/seat-booking/no_verification/runs/23/app/pgdata,,False
seat-booking/no_verification/runs/24/app,OK-SHALLOW,backend/db.js,/sessions/quirky-inspiring-hypatia/mnt/eval-coding-agent-runs/runs/batch-20260613/seat-booking/no_verification/runs/24/app/pgdata,,False
seat-booking/no_verification/runs/25/app,OK-SHALLOW,backend/db.js,/sessions/quirky-inspiring-hypatia/mnt/eval-coding-agent-runs/runs/batch-20260613/seat-booking/no_verification/runs/25/app/pgdata,,False
seat-booking/no_verification/runs/26/app,OK-MKDIR,backend/server.js,/sessions/quirky-inspiring-hypatia/mnt/eval-coding-agent-runs/runs/batch-20260613/seat-booking/no_verification/runs/26/app/backend/data,,True
seat-booking/no_verification/runs/27/app,OK-SHALLOW,server.js,/sessions/quirky-inspiring-hypatia/mnt/eval-coding-agent-runs/runs/batch-20260613/seat-booking/no_verification/runs/27/app/.pglite-data,,False
seat-booking/no_verification/runs/28/app,OK-MKDIR,server/src/index.js,/sessions/quirky-inspiring-hypatia/mnt/eval-coding-agent-runs/runs/batch-20260613/seat-booking/no_verification/runs/28/app/server/data/booking.db,,True
seat-booking/no_verification/runs/29/app,OK-MKDIR,backend/server.js,/sessions/quirky-inspiring-hypatia/mnt/eval-coding-agent-runs/runs/batch-20260613/seat-booking/no_verification/runs/29/app/backend/data/seats.db,,True
seat-booking/no_verification/runs/30/app,OK-SHALLOW,backend/db.js,/sessions/quirky-inspiring-hypatia/mnt/eval-coding-agent-runs/runs/batch-20260613/seat-booking/no_verification/runs/30/app/seat-booking.db,,False
seat-booking/static/runs/1/app,NO-PGLITE,,,,False
seat-booking/static/runs/2/app,OK-MKDIR,server/src/db.js,/sessions/quirky-inspiring-hypatia/mnt/eval-coding-agent-runs/runs/batch-20260613/seat-booking/static/runs/2/app/data/pglite,,True
seat-booking/static/runs/3/app,LATENT,server/src/db.js,/sessions/quirky-inspiring-hypatia/mnt/eval-coding-agent-runs/runs/batch-20260613/seat-booking/static/runs/3/app/data/pglite,/sessions/quirky-inspiring-hypatia/mnt/eval-coding-agent-runs/runs/batch-20260613/seat-booking/static/runs/3/app/data,False
seat-booking/static/runs/4/app,LATENT,server/src/db.js,/sessions/quirky-inspiring-hypatia/mnt/eval-coding-agent-runs/runs/batch-20260613/seat-booking/static/runs/4/app/data/pglite,/sessions/quirky-inspiring-hypatia/mnt/eval-coding-agent-runs/runs/batch-20260613/seat-booking/static/runs/4/app/data,False
seat-booking/static/runs/5/app,LATENT,server/src/db.js,/sessions/quirky-inspiring-hypatia/mnt/eval-coding-agent-runs/runs/batch-20260613/seat-booking/static/runs/5/app/data/pglite,/sessions/quirky-inspiring-hypatia/mnt/eval-coding-agent-runs/runs/batch-20260613/seat-booking/static/runs/5/app/data,False
seat-booking/static/runs/6/app,OK-SHALLOW,server.js,/sessions/quirky-inspiring-hypatia/mnt/eval-coding-agent-runs/runs/batch-20260613/seat-booking/static/runs/6/app/pglite-data,,False
seat-booking/static/runs/7/app,LATENT,server/index.js,/sessions/quirky-inspiring-hypatia/mnt/eval-coding-agent-runs/runs/batch-20260613/seat-booking/static/runs/7/app/data/pglite,/sessions/quirky-inspiring-hypatia/mnt/eval-coding-agent-runs/runs/batch-20260613/seat-booking/static/runs/7/app/data,False
seat-booking/static/runs/8/app,OK-SHALLOW,server/index.mjs,/sessions/quirky-inspiring-hypatia/mnt/eval-coding-agent-runs/runs/batch-20260613/seat-booking/static/runs/8/app/pglite-data,,False
seat-booking/static/runs/9/app,OK-SHALLOW,server/index.js,/sessions/quirky-inspiring-hypatia/mnt/eval-coding-agent-runs/runs/batch-20260613/seat-booking/static/runs/9/app/pgdata,,False
seat-booking/static/runs/10/app,OK-SHALLOW,server/index.js,/sessions/quirky-inspiring-hypatia/mnt/eval-coding-agent-runs/runs/batch-20260613/seat-booking/static/runs/10/app/pglite-data,,False
seat-booking/static/runs/11/app,OK-SHALLOW,server/db.js,/sessions/quirky-inspiring-hypatia/mnt/eval-coding-agent-runs/runs/batch-20260613/seat-booking/static/runs/11/app/server/.pgdata,,False
seat-booking/static/runs/12/app,LATENT,server/db.js,/sessions/quirky-inspiring-hypatia/mnt/eval-coding-agent-runs/runs/batch-20260613/seat-booking/static/runs/12/app/server/data/pgdata,/sessions/quirky-inspiring-hypatia/mnt/eval-coding-agent-runs/runs/batch-20260613/seat-booking/static/runs/12/app/server/data,False
seat-booking/static/runs/13/app,LATENT,server/db.js,/sessions/quirky-inspiring-hypatia/mnt/eval-coding-agent-runs/runs/batch-20260613/seat-booking/static/runs/13/app/data/pgdata,/sessions/quirky-inspiring-hypatia/mnt/eval-coding-agent-runs/runs/batch-20260613/seat-booking/static/runs/13/app/data,False
seat-booking/static/runs/14/app,OK-SHALLOW,server/db.js,/sessions/quirky-inspiring-hypatia/mnt/eval-coding-agent-runs/runs/batch-20260613/seat-booking/static/runs/14/app/server/.pgdata,,False
seat-booking/static/runs/15/app,LATENT,server/db.js,/sessions/quirky-inspiring-hypatia/mnt/eval-coding-agent-runs/runs/batch-20260613/seat-booking/static/runs/15/app/data/pgdata,/sessions/quirky-inspiring-hypatia/mnt/eval-coding-agent-runs/runs/batch-20260613/seat-booking/static/runs/15/app/data,False
seat-booking/static/runs/16/app,OK-SHALLOW,server/index.js,/sessions/quirky-inspiring-hypatia/mnt/eval-coding-agent-runs/runs/batch-20260613/seat-booking/static/runs/16/app/db,,False
seat-booking/static/runs/17/app,OK-SHALLOW,backend/db.js,/sessions/quirky-inspiring-hypatia/mnt/eval-coding-agent-runs/runs/batch-20260613/seat-booking/static/runs/17/app/data,,False
seat-booking/static/runs/18/app,OK-SHALLOW,server.js,/sessions/quirky-inspiring-hypatia/mnt/eval-coding-agent-runs/runs/batch-20260613/seat-booking/static/runs/18/app/db,,False
seat-booking/static/runs/19/app,OK-SHALLOW,server.js,/sessions/quirky-inspiring-hypatia/mnt/eval-coding-agent-runs/runs/batch-20260613/seat-booking/static/runs/19/app/db,,False
seat-booking/static/runs/20/app,OK-SHALLOW,server.js,/sessions/quirky-inspiring-hypatia/mnt/eval-coding-agent-runs/runs/batch-20260613/seat-booking/static/runs/20/app/db,,False
seat-booking/static/runs/21/app,LATENT,backend/db.js,/sessions/quirky-inspiring-hypatia/mnt/eval-coding-agent-runs/runs/batch-20260613/seat-booking/static/runs/21/app/data/seatdb,/sessions/quirky-inspiring-hypatia/mnt/eval-coding-agent-runs/runs/batch-20260613/seat-booking/static/runs/21/app/data,False
seat-booking/static/runs/22/app,OK-SHALLOW,backend/db.js,/sessions/quirky-inspiring-hypatia/mnt/eval-coding-agent-runs/runs/batch-20260613/seat-booking/static/runs/22/app/pgdata,,False
seat-booking/static/runs/23/app,LATENT,backend/db.js,/sessions/quirky-inspiring-hypatia/mnt/eval-coding-agent-runs/runs/batch-20260613/seat-booking/static/runs/23/app/data/seat-booking-db,/sessions/quirky-inspiring-hypatia/mnt/eval-coding-agent-runs/runs/batch-20260613/seat-booking/static/runs/23/app/data,False
seat-booking/static/runs/24/app,LATENT,backend/db.js,/sessions/quirky-inspiring-hypatia/mnt/eval-coding-agent-runs/runs/batch-20260613/seat-booking/static/runs/24/app/data/seatdb,/sessions/quirky-inspiring-hypatia/mnt/eval-coding-agent-runs/runs/batch-20260613/seat-booking/static/runs/24/app/data,False
seat-booking/static/runs/25/app,OK-SHALLOW,backend/db.js,/sessions/quirky-inspiring-hypatia/mnt/eval-coding-agent-runs/runs/batch-20260613/seat-booking/static/runs/25/app/pgdata,,False
seat-booking/static/runs/26/app,OK-SHALLOW,server.js,/sessions/quirky-inspiring-hypatia/mnt/eval-coding-agent-runs/runs/batch-20260613/seat-booking/static/runs/26/app/seat_booking_db,,False
seat-booking/static/runs/27/app,OK-SHALLOW,backend/server.js,/sessions/quirky-inspiring-hypatia/mnt/eval-coding-agent-runs/runs/batch-20260613/seat-booking/static/runs/27/app/backend/seats.db,,False
seat-booking/static/runs/28/app,OK-SHALLOW,server.js,/sessions/quirky-inspiring-hypatia/mnt/eval-coding-agent-runs/runs/batch-20260613/seat-booking/static/runs/28/app/data,,False
seat-booking/static/runs/29/app,OK-SHALLOW,server.js,/sessions/quirky-inspiring-hypatia/mnt/eval-coding-agent-runs/runs/batch-20260613/seat-booking/static/runs/29/app/pglite-data,,False
seat-booking/static/runs/30/app,OK-SHALLOW,server.js,/sessions/quirky-inspiring-hypatia/mnt/eval-coding-agent-runs/runs/batch-20260613/seat-booking/static/runs/30/app/seat_booking.db,,False
seat-booking/visual/runs/1/app,LATENT,backend/src/db.js,/sessions/quirky-inspiring-hypatia/mnt/eval-coding-agent-runs/runs/batch-20260613/seat-booking/visual/runs/1/app/backend/data/pglite,/sessions/quirky-inspiring-hypatia/mnt/eval-coding-agent-runs/runs/batch-20260613/seat-booking/visual/runs/1/app/backend/data,False
seat-booking/visual/runs/2/app,LATENT,backend/db.js,/sessions/quirky-inspiring-hypatia/mnt/eval-coding-agent-runs/runs/batch-20260613/seat-booking/visual/runs/2/app/data/pglite,/sessions/quirky-inspiring-hypatia/mnt/eval-coding-agent-runs/runs/batch-20260613/seat-booking/visual/runs/2/app/data,False
seat-booking/visual/runs/3/app,LATENT,backend/src/db.js,/sessions/quirky-inspiring-hypatia/mnt/eval-coding-agent-runs/runs/batch-20260613/seat-booking/visual/runs/3/app/data/seatdb,/sessions/quirky-inspiring-hypatia/mnt/eval-coding-agent-runs/runs/batch-20260613/seat-booking/visual/runs/3/app/data,False
seat-booking/visual/runs/4/app,OK-SHALLOW,backend/db.js,/sessions/quirky-inspiring-hypatia/mnt/eval-coding-agent-runs/runs/batch-20260613/seat-booking/visual/runs/4/app/backend/data,,False
seat-booking/visual/runs/6/app,OK-MKDIR,server/index.js,/sessions/quirky-inspiring-hypatia/mnt/eval-coding-agent-runs/runs/batch-20260613/seat-booking/visual/runs/6/app/data/pglite,,True
seat-booking/visual/runs/7/app,OK-MKDIR,server/index.js,/sessions/quirky-inspiring-hypatia/mnt/eval-coding-agent-runs/runs/batch-20260613/seat-booking/visual/runs/7/app/data/pglite,,True
seat-booking/visual/runs/8/app,OK-MKDIR,server/index.js,/sessions/quirky-inspiring-hypatia/mnt/eval-coding-agent-runs/runs/batch-20260613/seat-booking/visual/runs/8/app/data/pglite,,True
seat-booking/visual/runs/9/app,OK-MKDIR,server/index.js,/sessions/quirky-inspiring-hypatia/mnt/eval-coding-agent-runs/runs/batch-20260613/seat-booking/visual/runs/9/app/data/pglite,,True
seat-booking/visual/runs/11/app,LATENT,server/db.js,/sessions/quirky-inspiring-hypatia/mnt/eval-coding-agent-runs/runs/batch-20260613/seat-booking/visual/runs/11/app/data/pgdata,/sessions/quirky-inspiring-hypatia/mnt/eval-coding-agent-runs/runs/batch-20260613/seat-booking/visual/runs/11/app/data,False
seat-booking/visual/runs/12/app,OK-MKDIR,server/db.js,/sessions/quirky-inspiring-hypatia/mnt/eval-coding-agent-runs/runs/batch-20260613/seat-booking/visual/runs/12/app/data/pgdata,,True
seat-booking/visual/runs/13/app,OK-MKDIR,server/db.js,/sessions/quirky-inspiring-hypatia/mnt/eval-coding-agent-runs/runs/batch-20260613/seat-booking/visual/runs/13/app/pgdata,,True
seat-booking/visual/runs/14/app,OK-SHALLOW,server/db.js,/sessions/quirky-inspiring-hypatia/mnt/eval-coding-agent-runs/runs/batch-20260613/seat-booking/visual/runs/14/app/pgdata,,False
seat-booking/visual/runs/16/app,OK-SHALLOW,server.js,/sessions/quirky-inspiring-hypatia/mnt/eval-coding-agent-runs/runs/batch-20260613/seat-booking/visual/runs/16/app/db,,False
seat-booking/visual/runs/17/app,OK-SHALLOW,server.js,/sessions/quirky-inspiring-hypatia/mnt/eval-coding-agent-runs/runs/batch-20260613/seat-booking/visual/runs/17/app/db,,False
seat-booking/visual/runs/18/app,OK-SHALLOW,server.js,/sessions/quirky-inspiring-hypatia/mnt/eval-coding-agent-runs/runs/batch-20260613/seat-booking/visual/runs/18/app/pgdata,,False
seat-booking/visual/runs/19/app,OK-SHALLOW,backend/server.js,/sessions/quirky-inspiring-hypatia/mnt/eval-coding-agent-runs/runs/batch-20260613/seat-booking/visual/runs/19/app/db,,False
seat-booking/visual/runs/21/app,OK-SHALLOW,backend/db.js,/sessions/quirky-inspiring-hypatia/mnt/eval-coding-agent-runs/runs/batch-20260613/seat-booking/visual/runs/21/app/pgdata,,False
seat-booking/visual/runs/22/app,OK-SHALLOW,backend/db.js,/sessions/quirky-inspiring-hypatia/mnt/eval-coding-agent-runs/runs/batch-20260613/seat-booking/visual/runs/22/app/pgdata,,False
seat-booking/visual/runs/23/app,OK-SHALLOW,backend/db.js,/sessions/quirky-inspiring-hypatia/mnt/eval-coding-agent-runs/runs/batch-20260613/seat-booking/visual/runs/23/app/pgdata,,False
seat-booking/visual/runs/24/app,OK-SHALLOW,backend/db.js,/sessions/quirky-inspiring-hypatia/mnt/eval-coding-agent-runs/runs/batch-20260613/seat-booking/visual/runs/24/app/pgdata,,False
seat-booking/visual/runs/26/app,OK-SHALLOW,server.js,/sessions/quirky-inspiring-hypatia/mnt/eval-coding-agent-runs/runs/batch-20260613/seat-booking/visual/runs/26/app/seat-booking-data,,False
seat-booking/visual/runs/27/app,OK-SHALLOW,backend/server.js,/sessions/quirky-inspiring-hypatia/mnt/eval-coding-agent-runs/runs/batch-20260613/seat-booking/visual/runs/27/app/pgdata,,False
seat-booking/visual/runs/28/app,OK-MKDIR,server.js,/sessions/quirky-inspiring-hypatia/mnt/eval-coding-agent-runs/runs/batch-20260613/seat-booking/visual/runs/28/app/.pglite-data,,True
seat-booking/visual/runs/29/app,OK-SHALLOW,backend/server.js,/sessions/quirky-inspiring-hypatia/mnt/eval-coding-agent-runs/runs/batch-20260613/seat-booking/visual/runs/29/app/pgdata,,False
